Date,6758.T_close,7203.T_close,AAPL_close,AMZN_close,TSLA_close,6758.T_return,7203.T_return,AAPL_return,AMZN_return,TSLA_return,6758.T_ma5,7203.T_ma5,AAPL_ma5,AMZN_ma5,TSLA_ma5,6758.T_ma25,7203.T_ma25,AAPL_ma25,AMZN_ma25,TSLA_ma25
2023-01-03,2007.091796875,1669.9803466796875,123.47061157226562,85.81999969482422,108.0999984741211,0.021642982743805828,0.004724688368002328,-0.01060465577115266,-0.023725589118479662,-0.029039097760312105,2163.670654296875,1699.6852783203126,125.61680603027344,85.50400085449219,112.98199768066407,2274.322392578125,1745.616669921875,150.57563171386718,95.41919982910156,190.42920043945313
2023-01-04,2007.091796875,1669.9803466796875,124.74411010742188,85.13999938964844,113.63999938964844,0.021642982743805828,0.004724688368002328,-0.01060465577115266,-0.023725589118479662,-0.029039097760312105,2163.670654296875,1699.6852783203126,125.61680603027344,85.50400085449219,112.98199768066407,2274.322392578125,1745.616669921875,150.57563171386718,95.41919982910156,190.42920043945313
2023-01-05,2050.53125,1677.8704833984375,123.4212417602539,83.12000274658203,110.33999633789062,0.021642982743805828,0.004724688368002328,-0.01060465577115266,-0.023725589118479662,-0.029039097760312105,2163.670654296875,1699.6852783203126,125.61680603027344,85.50400085449219,112.98199768066407,2274.322392578125,1745.616669921875,150.57563171386718,95.41919982910156,190.42920043945313
2023-01-06,2099.89404296875,1694.1156005859375,127.9624252319336,86.08000183105469,113.05999755859376,0.024073172729627945,0.009681985199832877,0.03679418070108986,0.035611152390083056,0.024651090365942707,2163.670654296875,1699.6852783203126,125.61680603027344,85.50400085449219,112.98199768066407,2274.322392578125,1745.616669921875,150.57563171386718,95.41919982910156,190.42920043945313
2023-01-09,2099.89404296875,1694.1156005859375,128.4856414794922,87.36000061035156,119.7699966430664,0.024073172729627945,0.009681985199832877,0.03679418070108986,0.035611152390083056,0.024651090365942707,2163.670654296875,1699.6852783203126,125.61680603027344,85.50400085449219,112.98199768066407,2274.322392578125,1745.616669921875,150.57563171386718,95.41919982910156,190.42920043945313
2023-01-10,2117.664794921875,1695.9722900390625,129.05824279785156,89.87000274658203,118.8499984741211,0.024073172729627945,0.009681985199832877,0.03679418070108986,0.035611152390083056,0.024651090365942707,2163.670654296875,1699.6852783203126,126.73433227539063,86.31400146484376,115.13199768066406,2274.322392578125,1745.616669921875,150.57563171386718,95.41919982910156,190.42920043945313
2023-01-11,2191.70849609375,1705.7191162109375,131.782958984375,95.08999633789062,123.22000122070312,0.0349647882655606,0.005747043291403298,0.02111229881528187,0.058083825879343465,0.036769060182475055,2163.670654296875,1699.6852783203126,128.14210205078126,88.30400085449219,117.047998046875,2274.322392578125,1745.616669921875,150.57563171386718,95.41919982910156,190.42920043945313
2023-01-12,2200.593994140625,1724.28466796875,131.70399475097656,95.2699966430664,123.55999755859376,0.004054142265137672,0.01088429600241203,-0.0005991991226104165,0.0018929468094222024,0.0027592625752508315,2163.670654296875,1699.6852783203126,129.79865264892578,90.73399963378907,119.69199829101562,2274.322392578125,1745.616669921875,150.57563171386718,95.41919982910156,190.42920043945313
2023-01-13,2165.052978515625,1685.2969970703125,133.03671264648438,98.12000274658205,122.4000015258789,-0.016150646470740493,-0.022610924763580953,0.010119039274607333,0.029915043601747238,-0.009388119582672938,2163.670654296875,1699.6852783203126,130.81351013183593,93.14199981689453,121.55999908447265,2274.322392578125,1745.616669921875,150.57563171386718,95.41919982910156,190.42920043945313
2023-01-16,2143.3330078125,1687.1533203125,133.03671264648438,98.12000274658205,122.4000015258789,-0.016150646470740493,-0.022610924763580953,0.010119039274607333,0.029915043601747238,-0.009388119582672938,2163.670654296875,1699.6852783203126,130.81351013183593,93.14199981689453,121.55999908447265,2274.322392578125,1745.616669921875,150.57563171386718,95.41919982910156,190.42920043945313
2023-01-17,2195.657470703125,1729.390380859375,134.2016143798828,96.0500030517578,131.49000549316406,-0.016150646470740493,-0.022610924763580953,0.010119039274607333,0.029915043601747238,-0.009388119582672938,2179.269189453125,1706.368896484375,130.81351013183593,93.14199981689453,121.55999908447265,2274.322392578125,1745.616669921875,150.57563171386718,95.41919982910156,190.42920043945313
2023-01-18,2241.07177734375,1772.555419921875,133.48095703125,95.45999908447266,128.77999877929688,0.02068369372117118,0.024959684950398797,-0.005369960353776793,-0.00614267515397382,-0.020609982513142944,2189.141845703125,1719.7361572265625,130.81351013183593,93.14199981689453,121.55999908447265,2274.322392578125,1745.616669921875,150.57563171386718,95.41919982910156,190.42920043945313
2023-01-19,2246.9951171875,1730.78271484375,133.54017639160156,93.68000030517578,127.16999816894533,0.0026430835030062383,-0.023566374629892306,0.000443653998807525,-0.01864654092151996,-0.012501946153228083,2198.4220703125,1721.0357666015625,130.81351013183593,93.14199981689453,121.55999908447265,2274.322392578125,1745.616669921875,150.57563171386718,95.41919982910156,190.42920043945313
2023-01-20,2256.867919921875,1747.9559326171875,136.10691833496094,97.25,133.4199981689453,0.004393780235149025,0.009922226300363768,0.01922074698952403,0.03810845093076898,0.049146812062518475,2216.78505859375,1733.5675537109375,130.81351013183593,93.14199981689453,121.55999908447265,2274.322392578125,1745.616669921875,150.57563171386718,95.41919982910156,190.42920043945313
2023-01-23,2260.816650390625,1753.5255126953125,139.3054962158203,97.5199966430664,143.75,0.001749650670246794,0.0031863389540867093,0.023500479769791305,0.002776315095798454,0.07742468874848996,2240.281787109375,1746.8419921875,135.32703247070313,95.99199981689453,132.9220001220703,2274.322392578125,1745.616669921875,150.57563171386718,95.41919982910156,190.42920043945313
2023-01-24,2304.256103515625,1774.4119873046875,140.70733642578125,96.31999969482422,143.88999938964844,0.01921405396474518,0.011911132434720528,0.01006306461727191,-0.012305137300550828,0.0009739087975544347,2262.001513671875,1755.8463134765625,136.6281768798828,96.0459991455078,135.4019989013672,2274.322392578125,1745.616669921875,150.57563171386718,95.41919982910156,190.42920043945313
2023-01-25,2303.268798828125,1768.3780517578125,140.04592895507812,97.18000030517578,144.42999267578125,-0.00042847003247326043,-0.0034005268167965896,-0.0047005898022381976,0.008928577793566816,0.003752820129427681,2274.44091796875,1755.01083984375,137.94117126464843,96.38999938964844,138.53199768066406,2274.322392578125,1745.616669921875,150.57563171386718,95.41919982910156,190.42920043945313
2023-01-26,2273.651123046875,1757.2386474609375,142.1190948486328,99.22000122070312,160.27000427246094,-0.012858974947396073,-0.006299221077643469,0.014803471325608442,0.02099198301215366,0.10967259156647335,2279.772119140625,1760.3020263671874,139.65695495605468,97.49799957275391,145.1519989013672,2274.322392578125,1745.616669921875,150.57563171386718,95.41919982910156,190.42920043945313
2023-01-27,2296.35791015625,1764.200927734375,144.06387329101562,102.23999786376952,177.89999389648438,0.009986926700938259,0.003962057335523239,0.013684145993570596,0.03043737760442844,0.11000180416824756,2287.6701171875,1763.551025390625,141.24834594726562,98.49599914550781,154.047998046875,2274.322392578125,1745.616669921875,150.57563171386718,95.41919982910156,190.42920043945313
2023-01-30,2290.4345703125,1765.59326171875,141.17132568359375,100.5500030517578,166.66000366210938,-0.0025794497528248694,0.0007892150845669743,-0.020078230172104305,-0.01652968356145279,-0.06318150994943417,2293.593701171875,1765.9645751953126,141.62151184082032,99.1020004272461,158.62999877929687,2274.322392578125,1745.616669921875,150.57563171386718,95.41919982910156,190.42920043945313
2023-01-31,2286.4853515625,1760.48779296875,142.44482421875,103.12999725341795,173.22000122070312,-0.0017242224690405816,-0.002891644899590262,0.009020943374935309,0.025658817736008643,0.03936155894904236,2290.03955078125,1763.179736328125,141.96900939941406,100.46399993896483,164.49599914550782,2274.322392578125,1745.616669921875,150.57563171386718,95.41919982910156,190.42920043945313
2023-02-01,2264.765869140625,1766.521728515625,143.5702362060547,105.1500015258789,181.41000366210935,-0.009499069131159166,0.0034274225421919713,0.007900687115008243,0.019586971068148662,0.04728092820511631,2282.33896484375,1762.8084716796875,142.6738708496094,102.05800018310546,171.89200134277343,2274.322392578125,1745.616669921875,150.57563171386718,95.41919982910156,190.42920043945313
2023-02-02,2268.71484375,1745.63525390625,148.891357421875,112.91000366210938,188.2700042724609,0.0017436568888569148,-0.011823502803401942,0.03706284363970358,0.07379935352944922,0.03781489703913388,2281.351708984375,1760.48779296875,144.0283233642578,104.79600067138672,177.49200134277345,2274.322392578125,1745.616669921875,150.57563171386718,95.41919982910156,190.42920043945313
2023-02-03,2408.9052734375,1755.846435546875,152.52426147460938,103.38999938964844,189.97999572753903,0.061792882465465215,0.005849550539137605,0.024399697307082358,-0.08431497620839845,0.009082654784473565,2303.861181640625,1758.81689453125,145.72040100097655,105.0260009765625,179.90800170898436,2274.322392578125,1745.616669921875,150.57563171386718,95.41919982910156,190.42920043945313
2023-02-06,2372.37646484375,1776.2684326171875,149.78970336914062,102.18000030517578,194.75999450683597,-0.015164070167700494,0.011630856011591861,-0.017928676257999543,-0.011703250716856073,0.025160537355481294,2320.249560546875,1760.9519287109374,147.44407653808594,105.3520004272461,185.5279998779297,2274.322392578125,1745.616669921875,150.57563171386718,95.41919982910156,190.42920043945313
2023-02-07,2380.274658203125,1760.951904296875,152.67233276367188,102.11000061035156,196.80999755859372,0.003329232723565667,-0.008622868052518884,0.019244509667178722,-0.0006850625818668465,0.01052579127940878,2339.007421875,1761.0447509765625,149.4895782470703,105.14800109863282,190.2459991455078,2274.322392578125,1745.616669921875,150.57563171386718,95.41919982910156,190.42920043945313
2023-02-08,2360.52978515625,1761.416015625,149.9772491455078,100.0500030517578,201.2899932861328,-0.008295207857138776,0.0002635570721678526,-0.017652730978676368,-0.02017429777965285,0.02276304955598274,2358.160205078125,1760.0236083984375,150.77098083496094,104.1280014038086,194.22199707031248,2274.322392578125,1745.616669921875,150.57563171386718,95.41919982910156,190.42920043945313
2023-02-09,2358.554931640625,1764.6650390625,148.94065856933594,98.23999786376952,207.32000732421875,-0.0008366145295194416,0.0018445520017298378,-0.006911652147761238,-0.01809100582487666,0.029956849516678652,2376.12822265625,1763.8295654296876,150.7808410644531,101.19400024414062,198.03199768066406,2274.322392578125,1745.616669921875,150.57563171386718,95.41919982910156,190.42920043945313
2023-02-10,2357.567626953125,1744.2427978515625,149.30650329589844,97.61000061035156,196.88999938964844,-0.00041860576332353183,-0.01157287120154371,0.0024563119975207215,-0.006412838631079554,-0.05030873801899527,2365.860693359375,1761.508837890625,150.13728942871094,100.03800048828126,199.41399841308595,2274.322392578125,1745.616669921875,150.57563171386718,95.41919982910156,190.42920043945313
2023-02-13,2312.154296875,1741.922119140625,152.11448669433594,99.54000091552734,194.63999938964844,-0.01926278998699027,-0.0013304791705580632,0.01880683919623105,0.019772567289289666,-0.011427700782035255,2353.816259765625,1754.6395751953125,150.60224609375,99.51000061035157,199.38999938964844,2274.322392578125,1745.616669921875,150.57563171386718,95.41919982910156,190.42920043945313
2023-02-14,2325.975830078125,1747.4918212890625,151.4718017578125,99.6999969482422,209.25,0.005977772859625086,0.0031974461356432116,-0.004225008087591742,0.0016073541414836079,0.0750616556523096,2342.956494140625,1751.94755859375,150.3621398925781,99.02799987792969,201.87799987792968,2282.654833984375,1747.677451171875,150.57563171386718,95.41919982910156,190.42920043945313
2023-02-15,2311.166748046875,1739.6014404296875,153.5778045654297,101.16000366210938,214.2400054931641,-0.006366825415701993,-0.0045152605369875864,0.01390359646599082,0.014643999584324163,0.02384709913101113,2333.08388671875,1747.5846435546875,151.0822509765625,99.25,204.46800231933594,2287.4331640625,1749.032744140625,150.57563171386718,95.41919982910156,190.42920043945313
2023-02-16,2322.02685546875,1775.804443359375,151.97605895996094,98.1500015258789,202.0399932861328,0.004698971820641162,0.02081109045342311,-0.010429538369825742,-0.02975486385196624,-0.056945537220967624,2325.778271484375,1749.8125244140624,151.6893310546875,99.23200073242188,203.41199951171876,2292.290478515625,1751.09353515625,150.57563171386718,95.41919982910156,190.42920043945313
2023-02-17,2266.740478515625,1770.698974609375,150.8291473388672,97.1999969482422,208.30999755859372,-0.023809533822968798,-0.0028750174429914566,-0.0075466598419683395,-0.009679109147911924,0.031033480898909005,2307.612841796875,1755.103759765625,151.99385986328124,99.15,205.6959991455078,2296.357978515625,1754.5096142578125,150.57563171386718,95.41919982910156,190.42920043945313
2023-02-20,2258.84228515625,1766.0574951171875,150.8291473388672,97.1999969482422,208.30999755859372,-0.023809533822968798,-0.0028750174429914566,-0.0075466598419683395,-0.009679109147911924,0.031033480898909005,2296.950439453125,1759.9308349609375,151.99385986328124,99.15,205.6959991455078,2300.978349609375,1757.66578125,150.57563171386718,95.41919982910156,190.42920043945313
2023-02-21,2241.07177734375,1754.4539794921875,146.80503845214844,94.58000183105467,197.3699951171875,-0.023809533822968798,-0.0028750174429914566,-0.0075466598419683395,-0.009679109147911924,0.031033480898909005,2279.96962890625,1761.3232666015624,151.99385986328124,99.15,205.6959991455078,2302.794921875,1758.6683251953125,150.57563171386718,95.41919982910156,190.42920043945313
2023-02-22,2195.657470703125,1731.2470703125,147.23019409179688,95.79000091552734,200.8600006103516,-0.02026454801659794,-0.013227425427485118,0.002896056185340168,0.012793392483054333,0.017682553475729224,2256.8677734375,1759.652392578125,151.99385986328124,99.15,205.6959991455078,2300.978349609375,1757.0159912109375,150.57563171386718,95.41919982910156,190.42920043945313
2023-02-23,2195.657470703125,1731.2470703125,147.7146453857422,95.81999969482422,202.07000732421875,-0.02026454801659794,-0.013227425427485118,0.002896056185340168,0.012793392483054333,0.017682553475729224,2256.8677734375,1759.652392578125,151.99385986328124,99.15,205.6959991455078,2300.978349609375,1757.0159912109375,150.57563171386718,95.41919982910156,190.42920043945313
2023-02-24,2242.058837890625,1724.7490234375,145.05502319335938,93.5,196.8800048828125,-0.02026454801659794,-0.013227425427485118,0.002896056185340168,0.012793392483054333,0.017682553475729224,2256.8677734375,1759.652392578125,151.99385986328124,99.15,205.6959991455078,2300.978349609375,1757.0159912109375,150.57563171386718,95.41919982910156,190.42920043945313
2023-02-27,2250.9443359375,1723.820556640625,146.25137329101562,93.76000213623048,207.6300048828125,0.003963097621128675,-0.0005383199435153863,0.00824756062436749,0.0027807715104863906,0.0546017865369246,2256.8677734375,1759.652392578125,146.6112548828125,94.69000091552735,200.96200256347657,2300.978349609375,1757.0159912109375,150.57563171386718,95.41919982910156,190.42920043945313
2023-02-28,2256.867919921875,1728.9261474609375,145.74713134765625,94.2300033569336,205.7100067138672,0.002631599497953774,0.0029617878732473013,-0.0034477757850247537,0.005012811540044737,-0.009247209573726933,2256.8677734375,1759.652392578125,146.39967346191406,94.62000122070313,202.6300048828125,2300.978349609375,1757.0159912109375,150.57563171386718,95.41919982910156,190.42920043945313
2023-03-01,2257.854736328125,1729.8543701171875,143.6708221435547,92.16999816894533,202.7700042724609,0.0004372504024445778,0.0005368781411589918,-0.014245969611222487,-0.021861457228067538,-0.014291975817664948,2256.8677734375,1759.652392578125,145.68779907226562,93.89600067138672,203.0120056152344,2300.978349609375,1757.0159912109375,150.57563171386718,95.41919982910156,190.42920043945313
2023-03-02,2246.9951171875,1729.8543701171875,144.26405334472656,92.12999725341795,190.8999938964844,-0.004809706738833741,0.0,0.004129100065837443,-0.0004339906295109941,-0.05853928157947286,2250.944189453125,1727.4408935546876,144.9976806640625,93.15800018310547,200.7780029296875,2300.978349609375,1757.0159912109375,150.57563171386718,95.41919982910156,190.42920043945313
2023-03-03,2279.57470703125,1749.3482666015625,149.3262939453125,94.9000015258789,197.7899932861328,0.014499181415458029,0.011269096879556573,0.035090103759177316,0.030066258059702644,0.036092192823141245,2258.44736328125,1732.3607421875,145.85193481445313,93.43800048828125,200.96000061035156,2300.978349609375,1757.0159912109375,150.57563171386718,95.41919982910156,190.42920043945313
2023-03-06,2337.82275390625,1768.84228515625,152.0947265625,93.75,193.80999755859372,0.025552155274988886,0.011143589259420716,0.018539485204135397,-0.012118034851298809,-0.020122331071529165,2275.823046875,1741.365087890625,147.02060546875,93.43600006103516,198.1959991455078,2300.978349609375,1757.0159912109375,150.57563171386718,95.41919982910156,190.42920043945313
2023-03-07,2367.4404296875,1777.197021484375,149.8898468017578,93.5500030517578,187.7100067138672,0.01266891415602922,0.004723279400450808,-0.014496753507335702,-0.0021333007812501803,-0.0314740773002814,2297.937548828125,1751.0192626953126,147.84914855957032,93.3,194.59599914550782,2300.978349609375,1757.0159912109375,150.57563171386718,95.41919982910156,190.42920043945313
2023-03-08,2381.261962890625,1770.698974609375,151.1455078125,93.91999816894533,182.0,0.005838175706473603,-0.0036563458054710285,0.008377225259312615,0.003955051898638873,-0.03041929843714275,2322.618994140625,1759.18818359375,149.34408569335938,93.65,190.44199829101564,2300.978349609375,1757.0159912109375,150.57563171386718,95.41919982910156,190.42920043945313
2023-03-09,2374.351318359375,1781.8382568359375,148.8912353515625,92.25,172.9199981689453,-0.0029020933601362486,0.00629089550866202,-0.014914584585166701,-0.017781071140368865,-0.04989011995084991,2348.090234375,1769.5849609375,150.26952209472657,93.6740005493164,186.84599914550782,2300.978349609375,1757.0159912109375,150.57563171386718,95.41919982910156,190.42920043945313
2023-03-10,2310.179443359375,1760.023681640625,146.8248291015625,90.7300033569336,173.44000244140625,-0.027027118735041045,-0.012242735900198531,-0.01387862922300831,-0.0164769283801236,0.0030071956856769777,2354.211181640625,1771.7200439453125,149.76922912597655,92.84000091552734,181.9760009765625,2300.978349609375,1757.0159912109375,150.57563171386718,95.41919982910156,190.42920043945313
2023-03-13,2291.421630859375,1730.3184814453125,148.77259826660156,92.43000030517578,174.47999572753906,-0.008119634409318066,-0.016877727558542,0.01326593858108116,0.01873687738723384,0.005996271168666301,2344.93095703125,1764.015283203125,149.10480346679688,92.5760009765625,178.11000061035156,2300.978349609375,1757.0159912109375,150.57563171386718,95.41919982910156,190.42920043945313
2023-03-14,2228.2373046875,1679.2630615234375,150.8686981201172,94.87999725341795,183.25999450683597,-0.027574290702745197,-0.02950637149712987,0.014089287126379357,0.0265065123894086,0.050320947926932424,2317.09033203125,1744.4284912109374,149.30057373046876,92.84199981689453,177.21999816894532,2300.978349609375,1757.0159912109375,150.57563171386718,95.41919982910156,190.42920043945313
2023-03-15,2235.148193359375,1682.0478515625,151.26417541503906,96.1999969482422,180.4499969482422,0.003101504789160714,0.0016583405559675857,0.002621334311554868,0.013912307472971452,-0.015333393227232484,2287.867578125,1726.6982666015624,149.32430725097657,93.29799957275391,176.90999755859374,2300.978349609375,1757.0159912109375,150.57563171386718,95.41919982910156,190.42920043945313
2023-03-16,2218.36474609375,1661.6256103515625,154.09193420410156,100.04000091552734,184.1300048828125,-0.007508874496773288,-0.01214129621340243,0.01869417382736982,0.039916882423095545,0.020393505108375454,2256.670263671875,1702.6557373046876,150.36444702148438,94.85599975585937,179.1519989013672,2300.978349609375,1757.0159912109375,150.57563171386718,95.41919982910156,190.42920043945313
2023-03-17,2296.35791015625,1657.9124755859375,153.2515106201172,98.9499969482422,180.1300048828125,0.03515795326257143,-0.0022346398265006284,-0.005454040072410238,-0.010895681300578275,-0.02172378153438792,2253.90595703125,1682.23349609375,151.6497833251953,96.4999984741211,180.48999938964843,2300.978349609375,1757.0159912109375,150.57563171386718,95.41919982910156,190.42920043945313
2023-03-20,2282.536376953125,1640.2752685546875,155.62442016601562,97.70999908447266,183.25,-0.006018893284010951,-0.010638201528109459,0.015483759581205403,-0.012531560404374309,0.017320796272765726,2252.12890625,1664.224853515625,153.02014770507813,97.55599822998047,182.24400024414064,2300.978349609375,1757.0159912109375,150.57563171386718,95.41919982910156,190.42920043945313
2023-03-21,2282.536376953125,1640.2752685546875,157.48321533203125,100.61000061035156,197.5800018310547,-0.006018893284010951,-0.010638201528109459,0.015483759581205403,-0.012531560404374309,0.017320796272765726,2252.12890625,1664.224853515625,154.34305114746093,98.70199890136719,185.10800170898438,2300.978349609375,1757.0159912109375,150.57563171386718,95.41919982910156,190.42920043945313
2023-03-22,2316.10302734375,1671.8367919921875,156.04957580566406,98.6999969482422,191.1499938964844,-0.006018893284010951,-0.010638201528109459,0.015483759581205403,-0.012531560404374309,0.017320796272765726,2252.12890625,1664.224853515625,155.30013122558594,99.2019989013672,187.24800109863284,2300.978349609375,1757.0159912109375,150.57563171386718,95.41919982910156,190.42920043945313
2023-03-23,2286.4853515625,1658.8408203125,157.1371612548828,98.70999908447266,192.22000122070312,-0.01278771947170998,-0.0077734691220674446,0.006969486739093478,0.0001013387693993284,0.0055977366381616545,2252.12890625,1664.224853515625,155.9091766357422,98.93599853515626,188.86600036621093,2300.978349609375,1757.0159912109375,150.57563171386718,95.41919982910156,190.42920043945313
2023-03-24,2289.447021484375,1656.055908203125,158.4422607421875,98.12999725341795,190.41000366210935,0.0012952936347705446,-0.001678830226067407,0.008305479600638543,-0.00587581639584811,-0.009416281069083876,2252.12890625,1664.224853515625,156.94732666015625,98.77199859619141,190.9220001220703,2300.978349609375,1757.0159912109375,150.57563171386718,95.41919982910156,190.42920043945313
2023-03-27,2260.816650390625,1661.6256103515625,156.49452209472656,98.04000091552734,191.80999755859372,-0.01250536519302703,0.0033632331619051214,-0.012293050088639124,-0.0009171134251455548,0.007352522816861606,2252.12890625,1664.224853515625,157.12134704589843,98.83799896240234,192.63399963378905,2300.978349609375,1757.0159912109375,150.57563171386718,95.41919982910156,190.42920043945313
2023-03-28,2237.12255859375,1676.01416015625,155.87161254882812,97.23999786376952,189.19000244140625,-0.010480324352167614,0.008659321158177802,-0.003980392013474998,-0.008159965772002842,-0.01365932511618495,2277.994921875,1664.874658203125,156.7990264892578,98.16399841308592,190.95599975585938,2300.978349609375,1757.0159912109375,150.93829467773438,95.52559967041016,190.10200073242189
2023-03-29,2269.7021484375,1719.17919921875,158.9564208984375,100.25,193.8800048828125,0.014563167189297621,0.025754578981883824,0.019790700174113107,0.0309543624265336,0.024789906342217005,2268.71474609375,1674.3431396484375,157.3803955078125,98.47399902343749,191.502001953125,2300.978349609375,1757.0159912109375,151.40734375,95.70399963378907,189.8228009033203
2023-03-30,2325.181396484375,1742.833251953125,160.52847290039062,102.0,195.27999877929688,0.024443404648961442,0.013758922132796947,0.009889830137516542,0.0174563591022443,0.007220929756684091,2276.453955078125,1691.1416259765624,158.05865783691405,99.13199920654296,192.11400146484374,2300.978349609375,1757.0159912109375,151.91989685058593,95.9511996459961,189.55120056152344
2023-03-31,2374.716552734375,1778.787353515625,163.03982543945312,103.29000091552734,207.4600067138672,0.02130378142750322,0.02062968532543641,0.01564428100316384,0.012647067799287592,0.06237201971890638,2293.507861328125,1715.6879150390625,158.9781707763672,100.16399993896485,195.5240020751953,2300.978349609375,1757.0159912109375,152.63928894042968,96.34279968261718,189.97440063476563
2023-04-03,2383.633056640625,1794.872314453125,164.29551696777344,102.41000366210938,194.7700042724609,0.0037547655512752964,0.009042655326793048,0.007701747256756208,-0.008519675143944028,-0.0611684277968263,2318.071142578125,1742.337255859375,160.53836975097656,101.03800048828126,196.11600341796876,2300.978349609375,1757.0159912109375,153.3610546875,96.68879974365234,189.46000061035156
2023-04-04,2380.66064453125,1796.7645263671875,163.76161193847656,103.9499969482422,192.5800018310547,-0.0012470090986085314,0.0010542320469404398,-0.0032496627975650005,0.015037527888524194,-0.011244043709844886,2346.778759765625,1766.4873291015624,162.11636962890626,102.38000030517578,196.79400329589845,2300.978349609375,1757.0159912109375,154.08163391113283,97.07759948730468,188.93480041503906
2023-04-05,2340.0419921875,1752.7679443359375,161.9126739501953,101.0999984741211,185.5200042724609,-0.01706192456999589,-0.024486559805477204,-0.011290423722599141,-0.027417013542964774,-0.036660076287606036,2360.846728515625,1773.205078125,162.7076202392578,102.55,195.12200317382812,2300.978349609375,1757.0159912109375,154.81130798339845,97.43479949951171,188.24480041503907
2023-04-06,2289.515869140625,1728.167724609375,162.8025360107422,102.05999755859376,185.05999755859372,-0.021591972800301118,-0.01403506939184851,0.005495938266207645,0.009495540049077267,-0.002479553165553039,2353.713623046875,1770.27197265625,163.1624328613281,102.56199951171875,193.0780029296875,2300.978349609375,1757.0159912109375,155.55284729003907,97.83199951171875,188.01120056152342
2023-04-07,2300.413818359375,1721.5445556640625,162.8025360107422,102.05999755859376,185.05999755859372,-0.021591972800301118,-0.01403506939184851,0.005495938266207645,0.009495540049077267,-0.002479553165553039,2338.853076171875,1758.8234130859375,163.1624328613281,102.56199951171875,193.0780029296875,2300.978349609375,1757.0159912109375,155.55284729003907,97.83199951171875,188.01120056152342
2023-04-10,2313.29296875,1729.11376953125,160.20220947265625,102.16999816894533,184.50999450683597,-0.021591972800301118,-0.01403506939184851,0.005495938266207645,0.009495540049077267,-0.002479553165553039,2324.78505859375,1745.6717041015625,163.1624328613281,102.56199951171875,193.0780029296875,2300.978349609375,1757.0159912109375,155.55284729003907,97.83199951171875,188.01120056152342
2023-04-11,2347.967529296875,1727.6947021484375,158.986083984375,99.91999816894533,186.7899932861328,0.01498926466093553,-0.0008206905802370379,-0.007591190485352284,-0.02202212039075757,0.012357047570191959,2318.246435546875,1731.8577392578125,163.1624328613281,102.56199951171875,193.0780029296875,2300.978349609375,1757.0159912109375,155.55284729003907,97.83199951171875,188.01120056152342
2023-04-12,2376.697998046875,1725.3292236328125,158.29397583007812,97.83000183105467,180.5399932861328,0.012236314340600574,-0.001369153075878149,-0.004353262480286557,-0.020916697119598426,-0.03346003653646468,2325.57763671875,1726.3699951171875,163.1624328613281,102.56199951171875,193.0780029296875,2300.978349609375,1757.0159912109375,155.55284729003907,97.83199951171875,188.01120056152342
2023-04-13,2357.874755859375,1714.92138671875,163.6923828125,102.4000015258789,185.8999938964844,-0.007919913343204965,-0.006032377340799977,0.0341036792721463,0.04671368301429957,0.029688716127604264,2339.2494140625,1723.7207275390624,163.1624328613281,102.56199951171875,193.0780029296875,2300.978349609375,1757.0159912109375,155.55284729003907,97.83199951171875,188.01120056152342
2023-04-14,2399.484130859375,1710.6636962890625,163.34632873535156,102.51000213623048,185.0,0.01764698268922027,-0.0024827321314325745,-0.0021140511928696704,0.001074224694457504,-0.00484127986031857,2359.0634765625,1721.5445556640625,160.9041961669922,100.96600036621093,184.5479949951172,2300.978349609375,1757.0159912109375,155.55284729003907,97.83199951171875,188.01120056152342
2023-04-17,2404.4375,1735.263916015625,163.36611938476562,102.73999786376952,187.0399932861328,0.0020643475307549064,0.014380511949793284,0.00012115760156516941,0.0022436418178333195,0.011026990735853115,2377.2923828125,1722.7745849609375,161.53697814941407,101.08000030517579,185.05399475097656,2300.978349609375,1757.0159912109375,155.55284729003907,97.83199951171875,188.01120056152342
2023-04-18,2415.335693359375,1734.7908935546875,164.5921173095703,102.3000030517578,184.30999755859372,0.004532533434275177,-0.0002725939590927373,0.007504603337716409,-0.004282604839014548,-0.014595786064656058,2390.766015625,1724.1938232421876,162.65818481445314,101.55600128173828,184.55799560546876,2300.978349609375,1757.0159912109375,155.55284729003907,97.83199951171875,188.01120056152342
2023-04-19,2439.1123046875,1724.856201171875,165.7390594482422,104.3000030517578,180.58999633789065,0.009844019360743639,-0.00572673768332721,0.006968390451619566,0.019550341547772243,-0.020183393575926023,2403.248876953125,1724.09921875,164.14720153808594,102.85000152587891,184.5679962158203,2300.978349609375,1757.0159912109375,155.55284729003907,97.83199951171875,188.01120056152342
2023-04-20,2442.084228515625,1715.86767578125,164.7700653076172,103.80999755859376,162.99000549316406,0.001218444850781708,-0.005211173768873145,-0.005846504401864294,-0.004698039106680318,-0.09745828230593878,2420.090771484375,1724.2884765625,164.36273803710938,103.13200073242187,179.98599853515626,2300.978349609375,1757.0159912109375,155.55284729003907,97.83199951171875,188.01120056152342
2023-04-21,2435.149658203125,1704.9866943359375,163.1584930419922,106.95999908447266,165.0800018310547,-0.002839611439903189,-0.00634138727530853,-0.00978073452004935,0.030343912917452087,0.012822849668400638,2427.223876953125,1723.153076171875,164.3251708984375,104.02200012207031,176.0019989013672,2300.978349609375,1757.0159912109375,155.55284729003907,97.83199951171875,188.01120056152342
2023-04-24,2434.15869140625,1701.2021484375,163.46498107910156,106.20999908447266,162.5500030517578,-0.00040694287249931627,-0.002219692336022261,0.0018784681777521683,-0.007011967150520215,-0.015325895028073244,2433.168115234375,1716.34072265625,164.34494323730468,104.71600036621093,171.1040008544922,2300.978349609375,1757.0159912109375,155.55284729003907,97.83199951171875,188.01120056152342
2023-04-25,2439.1123046875,1703.094482421875,161.92257690429688,102.56999969482422,160.6699981689453,0.002035041223375611,0.0011123510431214623,-0.009435685641185243,-0.03427172037496595,-0.011565701922588656,2437.9234375,1710.0014404296876,163.81103515625,104.76999969482422,166.3760009765625,2354.3419140625,1719.482998046875,155.55284729003907,97.83199951171875,188.01120056152342
2023-04-26,2405.428466796875,1706.406005859375,161.9126739501953,104.9800033569336,153.75,-0.013809875759263401,0.0019444155751071612,-6.115857523325552e-05,0.023496184744855597,-0.04306963495243776,2431.186669921875,1706.3114013671875,163.04575805664064,104.90599975585937,161.00800170898438,2357.914931640625,1720.8657666015624,155.55284729003907,97.83199951171875,188.01120056152342
2023-04-27,2490.62890625,1726.74853515625,166.51023864746094,109.81999969482422,160.19000244140625,0.03542006782957041,0.011921271506912134,0.028395335492265694,0.046103983455159314,0.041886194740853755,2440.89560546875,1708.4875732421874,163.39379272460937,106.10800018310547,160.4480010986328,2366.080673828125,1723.5820751953124,155.55284729003907,97.83199951171875,188.01120056152342
2023-04-28,2542.145751953125,1757.025634765625,167.7659149169922,105.4499969482422,164.30999755859375,0.020684271982007507,0.01753416840549704,0.007541135486507811,-0.039792412663683274,0.025719427270091355,2462.29482421875,1718.895361328125,164.31527709960938,105.80599975585938,160.29400024414062,2376.188623046875,1727.6208642578124,155.55284729003907,97.83199951171875,188.01120056152342
2023-05-01,2495.582275390625,1773.110595703125,167.67694091796875,102.0500030517578,161.8300018310547,-0.018316603808701926,0.009154653534491963,-0.0005303461019925404,-0.0322427121373291,-0.015093395194377579,2474.579541015625,1733.27705078125,165.1576690673828,104.9740005493164,160.15,2385.579248046875,1732.080263671875,155.55284729003907,97.83199951171875,188.01120056152342
2023-05-02,2493.60107421875,1764.1219482421875,166.63876342773438,103.62999725341795,160.30999755859375,-0.0007938833319229843,-0.005069422901605947,-0.006191534056804393,0.015482549283793778,-0.00939259874721976,2485.477294921875,1745.4825439453125,166.1009063720703,105.18600006103516,160.0779998779297,2395.838388671875,1735.6045751953125,155.55284729003907,97.83199951171875,188.01120056152342
2023-05-03,2493.60107421875,1764.1219482421875,165.56105041503906,103.6500015258789,160.61000061035156,-0.0007938833319229843,-0.005069422901605947,-0.006191534056804393,0.015482549283793778,-0.00939259874721976,2485.477294921875,1745.4825439453125,166.83058166503906,104.91999969482421,161.45,2395.838388671875,1735.6045751953125,155.55284729003907,97.83199951171875,188.01120056152342
2023-05-04,2493.60107421875,1764.1219482421875,163.9197998046875,104.0,161.1999969482422,-0.0007938833319229843,-0.005069422901605947,-0.006191534056804393,0.015482549283793778,-0.00939259874721976,2485.477294921875,1745.4825439453125,166.31249389648437,103.75599975585938,161.6519989013672,2395.838388671875,1735.6045751953125,155.55284729003907,97.83199951171875,188.01120056152342
2023-05-05,2493.60107421875,1764.1219482421875,171.61204528808594,105.66000366210938,170.05999755859375,-0.0007938833319229843,-0.005069422901605947,-0.006191534056804393,0.015482549283793778,-0.00939259874721976,2485.477294921875,1745.4825439453125,167.08171997070312,103.79800109863281,162.8019989013672,2395.838388671875,1735.6045751953125,155.55284729003907,97.83199951171875,188.01120056152342
2023-05-08,2446.04736328125,1756.07958984375,171.5428009033203,105.83000183105467,171.7899932861328,-0.0007938833319229843,-0.005069422901605947,-0.006191534056804393,0.015482549283793778,-0.00939259874721976,2485.477294921875,1745.4825439453125,167.85489196777343,104.55400085449219,164.79399719238282,2395.838388671875,1735.6045751953125,155.55284729003907,97.83199951171875,188.01120056152342
2023-05-09,2503.50830078125,1813.3223876953125,169.83233642578125,106.62000274658205,169.14999389648438,0.023491342957038697,0.032596926803673876,-0.00997106534656067,0.007464810562779034,-0.015367597024416146,2485.477294921875,1745.4825439453125,168.4936065673828,105.152001953125,166.56199645996094,2395.838388671875,1735.6045751953125,155.55284729003907,97.83199951171875,188.01120056152342
2023-05-10,2480.7216796875,1827.514892578125,171.6021270751953,110.19000244140624,168.5399932861328,-0.009101875590601827,0.007826796260344437,0.010420810822369342,0.033483395262233095,-0.0036062703657255835,2485.477294921875,1745.4825439453125,169.70182189941406,106.46000213623047,168.1479949951172,2395.838388671875,1735.6045751953125,155.55284729003907,97.83199951171875,188.01120056152342
2023-05-11,2487.656982421875,1812.8494873046875,171.7899932861328,112.18000030517578,172.0800018310547,0.0027956794956733866,-0.008024780171694612,0.0010947778686634102,0.01805969525073503,0.021003967520705658,2485.477294921875,1745.4825439453125,171.27586059570314,108.09600219726562,170.3239959716797,2395.838388671875,1735.6045751953125,155.55284729003907,97.83199951171875,188.01120056152342
2023-05-12,2532.238525390625,1837.4495849609373,170.8593292236328,110.26000213623048,167.97999572753906,0.01792109735537073,0.013569851125823318,-0.005417452115210719,-0.01711533396079612,-0.023826162598143963,2490.0345703125,1809.4431884765625,171.1253173828125,109.01600189208985,169.90799560546876,2395.838388671875,1735.6045751953125,165.55033630371094,104.72160064697266,170.71079772949219
2023-05-15,2551.06201171875,1828.93408203125,170.36427307128906,111.1999969482422,166.35000610351562,0.007433536035165389,-0.004634414461971881,-0.0028974487643913527,0.008525256609829501,-0.009703474612936969,2511.0375,1824.0140869140625,170.88961181640624,110.09000091552734,168.81999816894532,2395.838388671875,1735.6045751953125,165.95681884765625,105.08280059814453,169.98439819335937
2023-05-16,2540.1640625,1819.9456787109373,170.36427307128906,113.4000015258789,166.52000427246094,-0.004271926424637362,-0.004914558380545886,0.0,0.0197842143706235,0.001021930644472091,2518.36865234375,1825.3387451171875,170.99599914550782,111.44600067138671,168.29400024414062,2395.838388671875,1735.6045751953125,166.41194641113282,105.62200073242188,169.1735986328125
2023-05-17,2555.024658203125,1824.2032470703125,170.97813415527344,115.5,173.86000061035156,0.005850250352923858,0.002339393097925191,0.003603226620921385,0.018518504813616277,0.04407876621166107,2533.229248046875,1824.676416015625,170.87120056152344,112.50800018310547,169.35800170898438,2395.838388671875,1735.6045751953125,166.91931274414063,106.32880065917969,168.90639892578125
2023-05-18,2718.490966796875,1850.222900390625,173.3147430419922,118.1500015258789,176.88999938964844,0.06397836829829706,0.014263571431582633,0.013666126948120638,0.022943736154795724,0.01742780840135616,2579.396044921875,1832.1510986328126,171.1761505126953,113.70200042724609,170.32000122070312,2395.838388671875,1735.6045751953125,167.3042071533203,106.95880065917969,168.5459991455078
2023-05-19,2692.732666015625,1854.0074462890625,173.4236297607422,116.25,180.13999938964844,-0.009475220295324438,0.0020454540356400486,0.000628259990113067,-0.01608126535201726,0.018373000232992265,2611.494873046875,1835.4626708984374,171.6890106201172,114.9,172.752001953125,2395.838388671875,1735.6045751953125,167.70729919433595,107.50840057373047,168.35159912109376
2023-05-22,2696.6953125,1845.0189208984373,172.47314453125,115.01000213623048,188.8699951171875,0.0014716078333310012,-0.004848160350497177,-0.005480713503710488,-0.010666648290490466,0.04846228354123516,2640.621533203125,1838.679638671875,172.11078491210938,115.66200103759766,177.25599975585936,2395.838388671875,1735.6045751953125,168.0715802001953,107.99920074462891,168.42479919433595
2023-05-23,2638.24365234375,1757.025634765625,169.8593292236328,114.98999786376952,185.7700042724609,-0.02167529267593149,-0.047692348916380634,-0.015154911883360489,-0.00017393506729324049,-0.01641335799687582,2660.237451171875,1826.0956298828125,172.00979614257812,115.98000030517578,181.1059997558594,2395.838388671875,1735.6045751953125,168.2822686767578,108.50680053710937,168.48319946289064
2023-05-24,2612.485595703125,1851.1690673828125,170.1365509033203,116.75,182.8999938964844,-0.009763335019395303,0.0535811377787585,0.001632066257146958,0.015305697616549097,-0.015449266889003166,2671.729638671875,1831.4887939453124,171.8414794921875,116.23000030517578,182.91399841308595,2395.838388671875,1735.6045751953125,168.45816833496093,109.00480041503906,168.57559936523438
2023-05-25,2629.327392578125,1834.1380615234373,171.275146484375,115.0,184.47000122070312,0.006446656357723235,-0.009200135287185662,0.006692245581619183,-0.01498929336188437,0.00858396597381672,2653.896923828125,1828.271826171875,171.43356018066407,115.6,184.42999877929688,2395.838388671875,1735.6045751953125,168.71837158203124,109.4524005126953,169.43479919433594
2023-05-26,2648.15087890625,1832.71875,173.69094848632812,120.11000061035156,193.1699981689453,0.007159050022168545,-0.0007738302547728448,0.014104801843935366,0.04443478791610045,0.047162123329924865,2644.98056640625,1824.0140869140625,171.48702392578124,116.37200012207032,187.03599853515624,2395.838388671875,1735.6045751953125,169.1396697998047,109.97840057373047,170.55839904785157
2023-05-29,2630.318359375,1824.6763916015625,173.69094848632812,120.11000061035156,193.1699981689453,0.007159050022168545,-0.0007738302547728448,0.014104801843935366,0.04443478791610045,0.047162123329924865,2631.70517578125,1819.9455810546874,171.48702392578124,116.37200012207032,187.03599853515624,2395.838388671875,1735.6045751953125,169.1396697998047,109.97840057373047,170.55839904785157
2023-05-30,2646.16943359375,1835.5572509765625,175.54241943359375,121.66000366210938,201.16000366210935,0.007159050022168545,-0.0007738302547728448,0.014104801843935366,0.04443478791610045,0.047162123329924865,2633.29033203125,1835.651904296875,171.48702392578124,116.37200012207032,187.03599853515624,2395.838388671875,1735.6045751953125,169.1396697998047,109.97840057373047,170.55839904785157
2023-05-31,2607.531982421875,1805.753173828125,175.49288940429688,120.58000183105467,203.92999267578125,-0.014601276351152492,-0.016237073037401073,-0.0002821541907459535,-0.00887721353399129,0.013770078361723836,2632.299609375,1826.5687255859375,171.48702392578124,116.37200012207032,187.03599853515624,2395.838388671875,1735.6045751953125,169.1396697998047,109.97840057373047,170.55839904785157
2023-06-01,2657.067138671875,1838.395751953125,178.3047637939453,122.7699966430664,207.5200042724609,0.018996950596936513,0.018076987817664536,0.016022725474480692,0.01816217265513198,0.017604137329555236,2637.84755859375,1827.420263671875,171.48702392578124,116.37200012207032,187.03599853515624,2395.838388671875,1735.6045751953125,169.1396697998047,109.97840057373047,170.55839904785157
2023-06-02,2684.806884765625,1901.3155517578125,179.15621948242188,124.25,213.97000122070312,0.010439986890062425,0.034225383592102476,0.004775282894070809,0.01205508998453797,0.031081326211683136,2645.178759765625,1841.1396240234376,171.48702392578124,116.37200012207032,187.03599853515624,2395.838388671875,1735.6045751953125,169.1396697998047,109.97840057373047,170.55839904785157
2023-06-05,2746.23046875,1919.292724609375,177.79981994628906,125.3000030517578,217.6100006103516,0.022878213078530996,0.009455123235562857,-0.007571043528666888,0.00845072878678299,0.017011727666879528,2668.361181640625,1860.062890625,177.25922241210938,122.91200103759766,208.83800048828124,2395.838388671875,1735.6045751953125,169.1396697998047,109.97840057373047,170.55839904785157
2023-06-06,2749.202392578125,1939.6353759765625,177.43348693847656,126.61000061035156,221.30999755859372,0.0010821829638638647,0.010599035314598826,-0.002060367709726396,0.01045488848114906,0.017002881015874216,2688.9677734375,1880.878515625,177.63743591308594,123.9020004272461,212.8679992675781,2395.838388671875,1735.6045751953125,169.1396697998047,109.97840057373047,170.55839904785157
2023-06-07,2695.70458984375,1913.1427001953125,176.05726623535156,121.2300033569336,224.57000732421875,-0.019459390432221446,-0.013658585582309035,-0.007756262512060075,-0.04249267220189956,0.01473051286244731,2706.602294921875,1902.3564208984376,177.75031127929688,124.03200073242188,216.99600219726562,2395.838388671875,1735.6045751953125,169.1396697998047,109.97840057373047,170.55839904785157
2023-06-08,2651.123046875,1915.034912109375,178.780029296875,124.25,234.8600006103516,-0.016537992752141295,0.0009890594746901904,0.015465212653499316,0.024911297199049942,0.04582087077762287,2705.4134765625,1917.6842529296875,177.84536437988282,124.3280014038086,222.46400146484376,2395.838388671875,1735.6045751953125,169.1396697998047,109.97840057373047,170.55839904785157
2023-06-09,2707.59326171875,1941.054443359375,179.16610717773438,123.43000030517578,244.3999938964844,0.02130048807440832,0.013586974882531022,0.002159513466788221,-0.006599595129369917,0.0406199151040636,2709.970751953125,1925.63203125,177.84734191894532,124.16400146484375,228.55,2620.331904296875,1847.1383203125,169.1396697998047,109.97840057373047,170.55839904785157
2023-06-12,2735.332763671875,1957.6124267578125,181.96807861328125,126.56999969482422,249.8300018310547,0.010245077185454532,0.008530406478336916,0.015638959174166134,0.025439515368102628,0.02221770896144193,2707.7912109375,1933.2959716796875,178.68099365234374,124.41800079345703,234.99400024414064,2631.9033203125,1855.1996337890625,169.1396697998047,109.97840057373047,170.55839904785157
2023-06-13,2758.118896484375,2056.486328125,181.49282836914065,126.66000366210938,258.7099914550781,0.008330296450627106,0.05050739360647705,-0.002611723153655987,0.0007111003199982147,0.035544128242966044,2709.57451171875,1956.666162109375,179.49286193847655,124.4280014038086,242.4739990234375,2642.087744140625,1864.92619140625,169.1396697998047,109.97840057373047,170.55839904785157
2023-06-14,2780.905029296875,2185.6376953125,182.12649536132807,126.41999816894533,256.7900085449219,0.008261475907200388,0.06280195760175733,0.0034914161506072183,-0.001894879884926537,-0.007421371317580694,2726.614599609375,2011.1651611328125,180.7067077636719,125.46600036621093,248.91799926757812,2654.095078125,1879.251103515625,169.1396697998047,109.97840057373047,170.55839904785157
2023-06-15,2764.06298828125,2195.572509765625,184.1660919189453,127.11000061035156,255.8999938964844,-0.006056316500633319,0.00454549922635028,0.01119879100276333,0.005458016543269828,-0.0034659239799891273,2749.202587890625,2067.2726806640626,181.78392028808594,126.03800048828126,253.1259979248047,2665.151318359375,1894.5600244140626,169.1396697998047,109.97840057373047,170.55839904785157
2023-06-16,2727.4072265625,2191.314697265625,183.0868988037109,125.48999786376952,260.5400085449219,-0.013261550794666732,-0.0019392720946640463,-0.005859890406478163,-0.012744888197649185,0.01813214052015355,2753.165380859375,2117.3247314453124,182.56807861328124,126.45,256.3540008544922,2672.95806640625,1908.71462890625,169.1396697998047,109.97840057373047,170.55839904785157
2023-06-19,2708.583740234375,2131.706298828125,183.0868988037109,125.48999786376952,260.5400085449219,-0.013261550794666732,-0.0019392720946640463,-0.005859890406478163,-0.012744888197649185,0.01813214052015355,2747.815576171875,2152.143505859375,182.56807861328124,126.45,256.3540008544922,2679.258935546875,1920.825517578125,169.1396697998047,109.97840057373047,170.55839904785157
2023-06-20,2721.462890625,2123.19091796875,183.17596435546875,125.77999877929688,274.45001220703125,-0.013261550794666732,-0.0019392720946640463,-0.005859890406478163,-0.012744888197649185,0.01813214052015355,2740.484375,2165.484423828125,182.56807861328124,126.45,256.3540008544922,2686.510888671875,1932.9553271484374,169.1396697998047,109.97840057373047,170.55839904785157
2023-06-21,2668.955810546875,2099.063720703125,182.13641357421875,124.83000183105467,259.4599914550781,-0.019293696878617483,-0.011363649430408906,-0.005675148401198871,-0.007552845901271921,-0.054618400747766804,2718.09453125,2148.16962890625,182.56807861328124,126.45,256.3540008544922,2691.068134765625,1943.94974609375,169.1396697998047,109.97840057373047,170.55839904785157
2023-06-22,2635.271728515625,2119.87939453125,185.1462554931641,130.14999389648438,264.6099853515625,-0.012620696790160868,0.009916646942548457,0.01652520690333481,0.04261789623803569,0.019848894111198723,2692.336279296875,2133.031005859375,182.56807861328124,126.45,256.3540008544922,2687.739365234375,1954.736005859375,169.1396697998047,109.97840057373047,170.55839904785157
2023-06-23,2583.755126953125,2081.086669921875,184.82943725585935,129.3300018310547,256.6000061035156,-0.0195488764991677,-0.018299496051261355,-0.0017111782059046066,-0.006300361919969633,-0.030270888067223778,2663.605859375,2110.985400390625,182.56807861328124,126.45,256.3540008544922,2683.380263671875,1963.8191748046875,169.1396697998047,109.97840057373047,170.55839904785157
2023-06-26,2573.84814453125,2101.42919921875,183.4334259033203,127.33000183105467,241.0500030517578,-0.0038343348866646254,0.00977495535908579,-0.007552970853915042,-0.015464315871677181,-0.060600166336257755,2636.658740234375,2104.92998046875,183.74429931640626,127.48399963378907,259.23399963378904,2678.466376953125,1974.0755859375,169.1396697998047,109.97840057373047,170.55839904785157
2023-06-27,2542.145751953125,2116.568115234375,186.1957855224609,129.17999267578125,250.2100067138672,-0.012317118492590318,0.0072041047213264875,0.015059194394573039,0.014529104045574393,0.03800042956291749,2600.7953125,2103.605419921875,184.34826354980467,128.16399841308595,254.38599853515626,2674.6224609375,1988.45728515625,169.1396697998047,109.97840057373047,170.55839904785157
2023-06-28,2607.531982421875,2176.17626953125,187.37396240234372,129.0399932861328,256.239990234375,0.02572088182532961,0.028162643983831614,0.00632762377825502,-0.001083754432466999,0.0240996896954786,2588.510546875,2119.0279296875,185.3957733154297,129.00599670410156,253.74199829101562,2674.42431640625,2001.4575732421874,169.1396697998047,109.97840057373047,170.55839904785157
2023-06-29,2585.736572265625,2171.918212890625,187.7105712890625,127.9000015258789,257.5,-0.008358635791690827,-0.0019566689979310103,0.0017964549738025415,-0.008834406537251538,0.004917303362650394,2578.603515625,2129.435693359375,185.90863647460935,128.55599822998047,252.32000122070312,2672.68068359375,2014.968779296875,169.1396697998047,109.97840057373047,170.55839904785157
2023-06-30,2568.894775390625,2184.218505859375,192.0471649169922,130.36000061035156,261.7699890136719,-0.00651334596711961,0.005663331563659391,0.023102554097774286,0.019233769000189582,0.016582481606492783,2575.6314453125,2150.062060546875,187.35218200683593,128.76199798583986,253.35399780273437,2669.510439453125,2029.02876953125,169.1396697998047,109.97840057373047,170.55839904785157
2023-07-03,2641.216064453125,2200.303466796875,190.5521545410156,130.22000122070312,279.82000732421875,0.028152686421927475,0.007364172080014164,-0.007784600083124205,-0.0010739443770555468,0.06895373445427366,2589.105029296875,2169.8369140625,188.775927734375,129.33999786376953,261.1079986572266,2669.94634765625,2044.0538525390625,169.1396697998047,109.97840057373047,170.55839904785157
2023-07-04,2614.466796875,2212.130126953125,190.5521545410156,130.22000122070312,279.82000732421875,0.028152686421927475,0.007364172080014164,-0.007784600083124205,-0.0010739443770555468,0.06895373445427366,2603.56923828125,2188.94931640625,188.775927734375,129.33999786376953,261.1079986572266,2668.6782421875,2059.116767578125,169.1396697998047,109.97840057373047,170.55839904785157
2023-07-05,2637.253173828125,2214.968994140625,189.433349609375,130.3800048828125,282.4800109863281,0.028152686421927475,0.007364172080014164,-0.007784600083124205,-0.0010739443770555468,0.06895373445427366,2609.5134765625,2196.707861328125,188.775927734375,129.33999786376953,261.1079986572266,2669.86708984375,2075.485400390625,169.1396697998047,109.97840057373047,170.55839904785157
2023-07-06,2604.5595703125,2201.72265625,189.9085693359375,128.36000061035156,276.5400085449219,-0.012396839196203713,-0.005980371700762488,0.0025086381439298755,-0.015493205988729275,-0.021028045208104085,2613.278076171875,2202.66875,188.775927734375,129.33999786376953,261.1079986572266,2667.766787109375,2090.0184765625,169.1396697998047,109.97840057373047,170.55839904785157
2023-07-07,2576.820068359375,2175.703125,188.7897491455078,129.77999877929688,274.42999267578125,-0.010650361876651915,-0.01181780601482152,-0.005891362324206395,0.011062622017709689,-0.007630056425625198,2614.863134765625,2200.965673828125,188.775927734375,129.33999786376953,261.1079986572266,2663.447314453125,2100.9939794921875,169.1396697998047,109.97840057373047,170.55839904785157
2023-07-10,2542.145751953125,2138.329833984375,186.7402801513672,127.12999725341795,269.6099853515625,-0.013456242766817117,-0.0171775692125391,-0.01085582773120286,-0.02041918285409683,-0.01756370459810941,2595.049072265625,2188.570947265625,188.775927734375,129.33999786376953,261.1079986572266,2655.28392578125,2109.7554638671877,169.1396697998047,109.97840057373047,170.55839904785157
2023-07-11,2511.433837890625,2091.9677734375,186.21556091308597,128.77999877929688,269.7900085449219,-0.012081098827202985,-0.021681435581192843,-0.002809887817753598,0.012978852839820698,0.000667717084456676,2574.44248046875,2164.5384765625,188.21750183105468,128.88600006103516,274.57000122070315,2645.77318359375,2115.848759765625,169.1396697998047,109.97840057373047,170.55839904785157
2023-07-12,2466.85205078125,2079.66748046875,187.8888092041016,130.8000030517578,271.989990234375,-0.017751527608156903,-0.005879771727333227,0.008985544939483336,0.01568569880112225,0.008154422401772665,2540.362255859375,2137.478173828125,187.90859375,128.96999969482422,272.4719970703125,2636.61908203125,2122.5097509765624,169.1396697998047,109.97840057373047,170.55839904785157
2023-07-13,2577.810791015625,2092.44091796875,188.65115356445312,134.3000030517578,277.8999938964844,0.044979892571682445,0.006142057622173791,0.004057422917207454,0.026758409161619312,0.02172875427149612,2535.0125,2115.621826171875,187.65711059570313,130.15800018310546,272.743994140625,2633.686591796875,2129.6059912109376,169.1396697998047,109.97840057373047,170.55839904785157
2023-07-14,2550.0712890625,2098.5908203125,188.7997131347656,134.67999267578125,281.3800048828125,-0.010760875875686748,0.00293910441673062,0.0007874829679306306,0.002829408900884234,0.012522529912772917,2529.662744140625,2100.199365234375,187.6591033935547,131.13799896240235,274.1339965820313,2627.385712890625,2135.9074462890626,169.1396697998047,109.97840057373047,170.55839904785157
2023-07-17,2550.0712890625,2098.5908203125,192.06695556640625,133.55999755859375,290.3800048828125,-0.010760875875686748,0.00293910441673062,0.0007874829679306306,0.002829408900884234,0.012522529912772917,2529.662744140625,2100.199365234375,188.7244384765625,132.4239990234375,278.2880004882812,2627.385712890625,2135.9074462890626,169.1396697998047,109.97840057373047,170.55839904785157
2023-07-18,2615.457763671875,2119.40625,191.8095550537109,132.8300018310547,293.3399963378906,-0.010760875875686748,0.00293910441673062,0.0007874829679306306,0.002829408900884234,0.012522529912772917,2529.662744140625,2100.199365234375,189.8432373046875,133.23399963378907,282.997998046875,2627.385712890625,2135.9074462890626,169.1396697998047,109.97840057373047,170.55839904785157
2023-07-19,2626.35546875,2167.660888671875,193.16595458984372,135.36000061035156,291.260009765625,0.004166653053814029,0.022767998665605083,0.007071595238063111,0.019046892602732513,-0.007090702250741598,2529.662744140625,2100.199365234375,190.89866638183594,134.1459991455078,286.852001953125,2627.385712890625,2135.9074462890626,169.1396697998047,109.97840057373047,170.55839904785157
2023-07-20,2590.68994140625,2163.8759765625,191.21551513671875,129.9600067138672,262.8999938964844,-0.013579855342553793,-0.0017460812847409635,-0.010097221620996355,-0.03989357175040831,-0.09737009860008494,2529.662744140625,2100.199365234375,191.41153869628906,133.2779998779297,283.852001953125,2627.385712890625,2135.9074462890626,169.1396697998047,109.97840057373047,170.55839904785157
2023-07-21,2598.61572265625,2164.349365234375,190.0373077392578,130.0,260.0199890136719,0.0030593322355270125,0.00021876885597982287,-0.006161672585085598,0.00030773533446226686,-0.010954754468143868,2529.662744140625,2100.199365234375,191.6590576171875,132.34200134277344,279.5799987792969,2627.385712890625,2135.9074462890626,169.1396697998047,109.97840057373047,170.55839904785157
2023-07-24,2628.336669921875,2198.88427734375,190.8392791748047,128.8000030517578,269.0599975585937,0.011437222905449351,0.01595625579867299,0.004220073653365075,-0.009230745755709147,0.03476659075024613,2611.89111328125,2162.8353515625,191.41352233886718,131.39000244140624,275.3159973144531,2627.385712890625,2135.9074462890626,169.1396697998047,109.97840057373047,170.55839904785157
2023-07-25,2606.541259765625,2218.2802734375,191.7006378173828,129.1300048828125,265.2799987792969,-0.008292472728350209,0.00882083531798239,0.004513529113622017,0.002562125956798944,-0.014048906614122947,2610.1078125,2182.61015625,191.39173889160156,130.6500030517578,269.70399780273436,2627.385712890625,2135.9074462890626,169.1396697998047,109.97840057373047,170.55839904785157
2023-07-26,2607.531982421875,2196.99169921875,192.5718994140625,128.14999389648438,264.3500061035156,0.00038009091647328574,-0.009596882086392422,0.004544907135414222,-0.007589335934878205,-0.0035057022016762307,2606.343115234375,2188.476318359375,191.2729278564453,129.20800170898437,264.3219970703125,2627.385712890625,2135.9074462890626,169.1396697998047,109.97840057373047,170.55839904785157
2023-07-27,2617.43896484375,2195.572509765625,191.30458068847656,128.25,255.7100067138672,0.003799371393586215,-0.0006459694197432642,-0.00658101586701898,0.0007803832093540297,-0.032683938680391544,2611.692919921875,2194.815625,191.29074096679688,128.86600036621093,262.8839996337891,2627.385712890625,2135.9074462890626,169.1396697998047,109.97840057373047,170.55839904785157
2023-07-28,2583.755126953125,2185.6376953125,193.8887481689453,132.2100067138672,266.44000244140625,-0.01286900605632113,-0.004524931155284628,0.01350813175078569,0.030877245332297854,0.04196157931177735,2608.72080078125,2199.073291015625,192.06102905273437,129.30800170898436,264.1680023193359,2627.385712890625,2135.9074462890626,169.1396697998047,109.97840057373047,170.55839904785157
2023-07-31,2638.24365234375,2257.546142578125,194.50259399414065,133.67999267578125,267.42999267578125,0.021088889121965826,0.03290044247491064,0.003165969304523397,0.011118568090654923,0.00371562162326855,2610.702197265625,2210.8056640625,192.79369201660157,130.28399963378905,263.8420013427734,2627.385712890625,2135.9074462890626,169.1396697998047,109.97840057373047,170.55839904785157
2023-08-01,2670.937255859375,2313.843017578125,193.6708984375,131.69000244140625,261.07000732421875,0.01239218503817141,0.024937197932844324,-0.004276012671922014,-0.014886223394710907,-0.023781870118334214,2623.581396484375,2229.918212890625,193.187744140625,130.7959991455078,263.0000030517578,2627.385712890625,2135.9074462890626,169.1396697998047,109.97840057373047,170.55839904785157
2023-08-02,2622.392578125,2367.7744140625,190.67095947265625,128.2100067138672,254.1100006103516,-0.018175147180219176,0.0233081484243578,-0.01548987994090334,-0.026425663778747666,-0.02665954157355055,2626.553515625,2264.074755859375,192.80755615234375,130.80800170898436,260.952001953125,2627.385712890625,2135.9074462890626,169.1396697998047,109.97840057373047,170.55839904785157
2023-08-03,2562.950439453125,2277.888916015625,189.27493286132807,128.91000366210938,259.32000732421875,-0.022667139606677766,-0.03796201931781762,-0.007321653046637011,0.005459768439170398,0.020502958173047592,2615.655810546875,2280.538037109375,192.40162658691403,130.94000244140625,261.6740020751953,2627.385712890625,2135.9074462890626,169.1396697998047,109.97840057373047,170.55839904785157
2023-08-04,2560.968994140625,2306.2734375,180.1859436035156,139.57000732421875,253.8600006103516,-0.0007731110527923191,0.012460889240386575,-0.04802003688714296,0.08269337801006271,-0.021055092394165698,2611.098583984375,2304.665185546875,189.66106567382812,132.41200256347656,259.1580017089844,2627.385712890625,2135.9074462890626,169.1396697998047,109.97840057373047,170.55839904785157
2023-08-07,2558.987548828125,2312.423583984375,177.07708740234375,142.22000122070312,251.4499969482422,-0.0007737092159387782,0.002666703082285782,-0.017253600025608162,0.01898684357254843,-0.00949343597382446,2595.24736328125,2315.640673828125,186.17596435546872,134.12000427246093,255.96200256347657,2627.385712890625,2135.9074462890626,169.1396697998047,109.97840057373047,170.55839904785157
2023-08-08,2570.8759765625,2293.027587890625,178.01763916015625,139.94000244140625,249.6999969482422,0.004645754427300419,-0.008387734940987768,0.005311538446955755,-0.016031491771390738,-0.006959634206558429,2575.235107421875,2311.477587890625,183.04531249999997,135.77000427246094,253.68800048828126,2627.385712890625,2135.9074462890626,189.13710693359374,131.86720123291016,268.7920001220703
2023-08-09,2572.857421875,2266.534912109375,176.42361450195312,137.85000610351562,242.19000244140625,0.000770727693814921,-0.011553579172425388,-0.008954307369333447,-0.01493494570121734,-0.03007606967809695,2565.328076171875,2291.2296875,180.19584350585936,137.69800415039063,251.3040008544922,2627.385712890625,2135.9074462890626,188.61671752929686,132.1660012817383,267.18039978027343
2023-08-10,2489.63818359375,2298.2314453125,176.2057647705078,138.55999755859375,245.33999633789065,-0.03234506411964444,0.013984577530123499,-0.001234810498925043,0.005150463718840648,0.013006292021680244,2550.665625,2295.298193359375,177.5820098876953,139.6280029296875,248.50799865722655,2627.385712890625,2135.9074462890626,188.06860534667967,132.57400115966797,265.93239929199217
2023-08-11,2489.63818359375,2298.2314453125,176.2652587890625,138.41000366210938,242.6499938964844,-0.03234506411964444,0.013984577530123499,-0.001234810498925043,0.005150463718840648,0.013006292021680244,2550.665625,2295.298193359375,176.7978729248047,139.39600219726563,246.26599731445313,2627.385712890625,2135.9074462890626,187.56762573242187,132.91920135498046,264.6611993408203
2023-08-14,2412.363525390625,2278.36181640625,177.92098999023438,140.57000732421875,239.75999450683597,-0.03234506411964444,0.013984577530123499,-0.001234810498925043,0.005150463718840648,0.013006292021680244,2550.665625,2295.298193359375,176.9666534423828,139.06600341796874,243.92799682617186,2627.385712890625,2135.9074462890626,187.21485412597656,133.4568017578125,263.4671997070312
2023-08-15,2421.27978515625,2288.769775390625,175.9281768798828,137.6699981689453,232.9600067138672,0.0036960680559872117,0.004568176533432222,-0.011200550932528808,-0.020630355012962953,-0.028361644764614335,2550.665625,2295.298193359375,176.54876098632812,138.61200256347655,240.5799987792969,2627.385712890625,2135.9074462890626,186.80335876464844,133.81240173339845,261.9939996337891
2023-08-16,2379.67041015625,2242.880615234375,175.0557403564453,135.07000732421875,225.6000061035156,-0.01718486861992896,-0.020049705588417344,-0.004959049419543282,-0.018885675014943426,-0.03159340830287449,2550.665625,2295.298193359375,176.27518615722656,138.05600280761718,237.26199951171876,2627.385712890625,2135.9074462890626,186.2900360107422,133.98320190429686,260.1384002685547
2023-08-17,2403.447265625,2249.03076171875,172.5077667236328,133.97999572753906,219.22000122070312,0.009991659083237847,0.0027420748311797194,-0.014555213257356536,-0.008069975106044458,-0.02828016272253575,2550.665625,2295.298193359375,175.53558654785155,137.14000244140624,232.03800048828126,2627.385712890625,2135.9074462890626,185.6443005371094,133.97040161132813,257.79120056152345
2023-08-18,2380.66064453125,2222.5380859375,172.99359130859375,133.22000122070312,215.4900054931641,-0.009480807596510599,-0.011779596896666633,0.0028162476054731655,-0.005672447612115605,-0.017014851321818014,2399.484326171875,2256.3162109375,174.88125305175782,136.102001953125,226.6060028076172,2627.385712890625,2135.9074462890626,185.0120556640625,133.912001953125,255.1556005859375
2023-08-21,2377.688720703125,2229.634521484375,174.33197021484375,134.67999267578125,231.27999877929688,-0.0012483609686042563,0.003192942155536338,0.007736580853232589,0.01095925117625085,0.073274828918382,2392.549365234375,2246.570751953125,174.1634490966797,134.9239990234375,224.91000366210938,2627.385712890625,2135.9074462890626,184.30265625,133.9568017578125,252.79160034179688
2023-08-22,2390.56787109375,2286.404296875,175.7100830078125,134.25,233.19000244140625,0.005416667992947488,0.025461471305544103,0.007905106511848503,-0.0031926989840012077,0.008258403978685713,2386.406982421875,2246.09765625,174.1198303222656,134.23999938964843,224.95600280761718,2627.385712890625,2135.9074462890626,183.65867736816406,134.01360168457032,250.3856005859375
2023-08-23,2387.595947265625,2280.72705078125,179.5667266845703,135.52000427246094,236.8600006103516,-0.0012431873882606803,-0.0024830455845055166,0.021948903618617788,0.009459994580714559,0.01573823118710882,2387.99208984375,2253.666943359375,175.02202758789062,134.3299987792969,227.20800170898437,2627.385712890625,2135.9074462890626,183.11470825195312,134.02000183105469,248.20960021972655
2023-08-24,2380.66064453125,2270.792724609375,174.86737060546875,131.83999633789062,230.0399932861328,-0.0029047221085785058,-0.004355771624873772,-0.026170528170046392,-0.027154721211281152,-0.02879341090367593,2383.434765625,2258.0193359375,175.49394836425782,133.9019989013672,229.37200012207032,2627.385712890625,2135.9074462890626,182.46078247070312,134.0952014160156,246.8952001953125
2023-08-25,2349.94921875,2266.0615234375,177.07826232910156,133.25999450683594,238.58999633789065,-0.012900379502554848,-0.002083501994964765,0.012643249086308872,0.010770617478674804,0.037167463490241914,2377.29248046875,2266.7240234375,176.31088256835938,133.90999755859374,233.99199829101562,2627.385712890625,2135.9074462890626,181.94242065429688,134.22560119628906,246.03800048828126
2023-08-28,2377.688720703125,2305.32763671875,178.6446990966797,133.13999938964844,238.82000732421875,0.011804298463896412,0.01732791138948664,0.008846013886599335,-0.0009004586682715976,0.0009640428763089126,2377.29248046875,2281.862646484375,177.17342834472657,133.60199890136718,235.5,2627.385712890625,2135.9074462890626,181.45463745117186,134.39920104980467,244.82840087890625
2023-08-29,2367.78173828125,2300.5966796875,182.5409698486328,134.91000366210938,257.17999267578125,-0.004166643991542096,-0.002052184234421328,0.021810167173471617,0.013294308852149106,0.07687791972402569,2372.73525390625,2284.701123046875,178.53960571289062,133.73399963378907,240.297998046875,2627.385712890625,2135.9074462890626,181.08825073242187,134.63040100097658,244.50440063476563
2023-08-30,2384.623779296875,2324.2509765625,186.04071044921875,135.07000732421875,256.8999938964844,0.007113004016937152,0.010281809533956743,0.01917235677825091,0.0011860029483812262,-0.0010887269121663268,2372.1408203125,2293.405908203125,179.83440246582032,133.6440002441406,244.30599670410157,2627.385712890625,2135.9074462890626,180.82700317382813,134.90720153808593,244.20640014648438
2023-08-31,2406.419189453125,2379.601318359375,186.25880432128903,138.00999450683594,258.0799865722656,0.00913997853475923,0.023814270642465774,0.001172291115980384,0.021766395374215985,0.004593198535678855,2377.292529296875,2315.167626953125,182.11268920898436,134.87799987792968,249.91399536132812,2627.385712890625,2135.9074462890626,180.62517211914061,135.29760131835937,244.30119934082032
2023-09-01,2483.694091796875,2383.859130859375,187.83517456054688,138.1199951171875,245.00999450683597,0.03211198725576625,0.0017892965797041693,0.008463332753595232,0.0007970481467276525,-0.050643183297632066,2404.04150390625,2338.7271484375,184.26407165527343,135.85,251.1979949951172,2627.385712890625,2135.9074462890626,180.38302917480468,135.53400085449218,243.4439990234375
2023-09-04,2479.7314453125,2457.659912109375,187.83517456054688,138.1199951171875,245.00999450683597,0.03211198725576625,0.0017892965797041693,0.008463332753595232,0.0007970481467276525,-0.050643183297632066,2424.450048828125,2369.193603515625,184.26407165527343,135.85,251.1979949951172,2627.385712890625,2135.9074462890626,180.38302917480468,135.53400085449218,243.4439990234375
2023-09-05,2472.79638671875,2449.617431640625,188.0731201171875,137.27000427246094,256.489990234375,0.03211198725576625,0.0017892965797041693,0.008463332753595232,0.0007970481467276525,-0.050643183297632066,2445.452978515625,2398.99775390625,184.26407165527343,135.85,251.1979949951172,2627.385712890625,2135.9074462890626,180.38302917480468,135.53400085449218,243.4439990234375
2023-09-06,2514.40576171875,2508.27978515625,181.34133911132807,135.36000061035156,251.9199981689453,0.01682685045298582,0.023947557180933332,-0.0357934243961332,-0.013914209970579572,-0.017817428513501543,2471.409375,2435.803515625,184.26407165527343,135.85,251.1979949951172,2627.385712890625,2135.9074462890626,180.38302917480468,135.53400085449218,243.4439990234375
2023-09-07,2502.517578125,2495.033203125,176.03724670410156,137.85000610351562,251.4900054931641,-0.004728029093293062,-0.005281142123634619,-0.02924921825999227,0.018395430569861038,-0.0017068620153484204,2490.629052734375,2458.889892578125,184.26407165527343,135.85,251.1979949951172,2627.385712890625,2135.9074462890626,180.38302917480468,135.53400085449218,243.4439990234375
2023-09-08,2451.991455078125,2462.86376953125,176.6519012451172,138.22999572753906,248.5,-0.020190117139848973,-0.012893388975127928,0.003491616419386556,0.0027565441218631026,-0.011889162304087542,2484.288525390625,2474.6908203125,184.26407165527343,135.85,251.1979949951172,2627.385712890625,2135.9074462890626,180.38302917480468,135.53400085449218,243.4439990234375
2023-09-11,2469.82421875,2455.294677734375,177.82180786132812,143.10000610351562,273.5799865722656,0.007272767462114471,-0.0030732888641727962,0.006622666430222024,0.035231212663680456,0.10092549928477124,2482.307080078125,2474.2177734375,179.98508300781248,138.36200256347655,256.39599609375,2627.385712890625,2135.9074462890626,180.38302917480468,135.53400085449218,243.4439990234375
2023-09-12,2499.545166015625,2513.95654296875,174.78805541992188,141.22999572753906,267.4800109863281,0.012033628563520526,0.023891985661169235,-0.017060632089468397,-0.013067856717097759,-0.022296863386701782,2487.6568359375,2487.085595703125,177.32807006835935,139.15400085449218,258.5940002441406,2627.385712890625,2135.9074462890626,180.38302917480468,135.53400085449218,243.4439990234375
2023-09-13,2465.861083984375,2561.737548828125,172.71597290039062,144.85000610351562,271.29998779296875,-0.013476084564994606,0.019006297460874233,-0.01185482906456703,0.025632022130484877,0.014281354305895722,2477.947900390625,2497.7771484375,175.60299682617188,141.052001953125,262.4699981689453,2627.385712890625,2135.9074462890626,180.38302917480468,135.53400085449218,243.4439990234375
2023-09-14,2505.489501953125,2600.057373046875,174.23284912109375,144.72000122070312,276.0400085449219,0.016070823383415256,0.014958528533213444,0.00878248951287186,-0.0008975138235036706,0.017471511114000693,2478.54228515625,2518.781982421875,175.24211730957032,142.4260009765625,267.3799987792969,2627.385712890625,2135.9074462890626,180.38302917480468,135.53400085449218,243.4439990234375
2023-09-15,2561.95947265625,2669.600341796875,173.5091094970703,140.38999938964844,274.3900146484375,0.022538498229230042,0.02674670546538982,-0.00415386436986076,-0.029919857618376344,-0.005977372284481253,2500.535888671875,2560.129296875,174.61355895996093,142.85800170898438,272.55800170898436,2433.128544921875,2379.3175,180.38302917480468,135.53400085449218,243.4439990234375
2023-09-18,2561.95947265625,2669.600341796875,176.4437255859375,139.97999572753906,265.2799987792969,0.022538498229230042,0.02674670546538982,-0.00415386436986076,-0.029919857618376344,-0.005977372284481253,2500.535888671875,2560.129296875,174.33794250488282,142.23399963378907,270.89800415039065,2433.128544921875,2379.3175,180.38302917480468,135.53400085449218,243.4439990234375
2023-09-19,2537.192138671875,2724.951171875,177.5343017578125,137.6300048828125,266.5,0.022538498229230042,0.02674670546538982,-0.00415386436986076,-0.029919857618376344,-0.005977372284481253,2500.535888671875,2560.129296875,174.88719177246094,141.51400146484374,270.702001953125,2433.128544921875,2379.3175,180.38302917480468,135.53400085449218,243.4439990234375
2023-09-20,2496.5732421875,2648.31201171875,173.98497009277344,135.2899932861328,262.5899963378906,-0.016009389224119763,-0.0281249664020643,-0.019992371220075356,-0.01700219075536713,-0.014671683535119606,2500.535888671875,2560.129296875,175.1409912109375,139.60199890136718,268.9600036621094,2433.128544921875,2379.3175,180.38302917480468,135.53400085449218,243.4439990234375
2023-09-21,2441.093994140625,2635.53857421875,172.4383544921875,129.3300018310547,255.6999969482422,-0.02222215920181214,-0.004823237384219747,-0.008889363257994276,-0.04405345369833069,-0.026238620989897266,2500.535888671875,2560.129296875,174.78209228515624,136.5239990234375,264.8920013427734,2433.128544921875,2379.3175,180.38302917480468,135.53400085449218,243.4439990234375
2023-09-22,2417.31689453125,2638.377197265625,173.29100036621094,129.1199951171875,244.8800048828125,-0.009740345790226534,0.0010770561564314995,0.004944641675191042,-0.0016238050792075631,-0.042315182614647506,2500.535888671875,2560.129296875,174.73847045898438,134.2699981689453,258.98999938964846,2433.128544921875,2379.3175,180.38302917480468,135.53400085449218,243.4439990234375
2023-09-25,2454.963623046875,2612.830810546875,174.5699462890625,131.27000427246094,246.9900054931641,0.015573766352601215,-0.009682613519107819,0.007380336660004261,0.01665124873434287,0.00861646752809131,2469.427978515625,2652.001953125,174.36371459960938,132.5279998779297,255.33200073242188,2433.128544921875,2379.3175,180.38302917480468,135.53400085449218,243.4439990234375
2023-09-26,2431.186767578125,2570.25341796875,170.4852752685547,125.9800033569336,244.1199951171875,-0.009685217021358716,-0.016295503101945386,-0.023398477844200016,-0.040298626825268746,-0.011619945391094122,2448.226904296875,2621.06240234375,172.95390930175782,130.1979995727539,250.8559997558594,2433.128544921875,2379.3175,180.38302917480468,135.53400085449218,243.4439990234375
2023-09-27,2457.935791015625,2600.057373046875,168.9683837890625,125.9800033569336,240.5,0.011002455177125947,0.01159572626954386,-0.008897492625698722,0.0,-0.014828753029631048,2440.4994140625,2611.411474609375,171.95059204101562,128.33600158691405,246.43800048828126,2433.128544921875,2379.3175,180.38302917480468,135.53400085449218,243.4439990234375
2023-09-28,2430.106201171875,2588.578125,169.22616577148438,125.9800033569336,246.3800048828125,-0.011322342082927594,-0.004414997978841928,0.0015256225847770644,0.0,0.02444908475181906,2438.30185546875,2602.019384765625,171.308154296875,127.66600189208984,244.57400207519532,2433.128544921875,2379.3175,180.38302917480468,135.53400085449218,243.4439990234375
2023-09-29,2433.088134765625,2561.31494140625,169.74169921875,127.12000274658205,250.22000122070312,0.0012270795376398969,-0.010532107696672233,0.003046416875991831,0.009049050319664964,0.015585665483353939,2441.456103515625,2586.60693359375,170.59829406738282,127.26600341796875,245.64200134277343,2433.128544921875,2379.3175,180.38302917480468,135.53400085449218,243.4439990234375
2023-10-02,2426.130615234375,2570.402587890625,172.25990295410156,129.4600067138672,251.6000061035156,-0.002859542748097077,0.0035480394610845067,0.01483550445731252,0.01840783446134764,0.005515166158101215,2435.689501953125,2578.1212890625,170.13628540039062,126.90400390625,246.56400146484376,2433.128544921875,2379.3175,180.38302917480468,135.53400085449218,243.4439990234375
2023-10-03,2437.063720703125,2491.960693359375,170.92147827148438,124.72000122070312,246.52999877929688,0.0045063960695677086,-0.03051735743684514,-0.007769798192524324,-0.03661366636292884,-0.020151062008054055,2436.864892578125,2562.462744140625,170.22352600097656,126.65200347900391,247.04600219726564,2433.128544921875,2379.3175,180.38302917480468,135.53400085449218,243.4439990234375
2023-10-04,2407.24658203125,2369.993408203125,172.17068481445312,127.0,261.1600036621094,-0.012234862149304915,-0.04894430537418615,0.007308657493498627,0.018280939360016735,0.05934371052307452,2426.72705078125,2516.449951171875,170.86398620605468,126.85600280761719,251.1780029296875,2433.128544921875,2379.3175,180.38302917480468,135.53400085449218,243.4439990234375
2023-10-05,2448.99072265625,2477.611572265625,173.4099884033203,125.95999908447266,260.04998779296875,0.01734103225510708,0.045408634340503795,0.0071981103531229,-0.008188983586829512,-0.00425032873937603,2430.503955078125,2494.256640625,171.70075073242188,126.852001953125,253.91199951171876,2433.128544921875,2379.3175,180.38302917480468,135.53400085449218,243.4439990234375
2023-10-06,2437.063720703125,2460.392822265625,175.9678497314453,127.95999908447266,260.5299987792969,-0.0048701703288563936,-0.0069497374781206656,0.014750369062800806,0.015878056641289273,0.001845841218459432,2431.299072265625,2474.072216796875,172.94598083496095,127.02000122070312,255.9739990234375,2433.128544921875,2379.3175,180.38302917480468,135.53400085449218,243.4439990234375
2023-10-09,2437.063720703125,2460.392822265625,177.45497131347656,128.25999450683594,259.6700134277344,-0.0048701703288563936,-0.0069497374781206656,0.014750369062800806,0.015878056641289273,0.001845841218459432,2431.299072265625,2474.072216796875,173.98499450683593,126.77999877929688,257.58800048828124,2433.128544921875,2379.3175,174.56160400390624,133.36160095214845,257.3556005859375
2023-10-10,2505.643310546875,2510.61474609375,176.86012268066406,129.47999572753906,263.6199951171875,-0.0048701703288563936,-0.0069497374781206656,0.014750369062800806,0.015878056641289273,0.001845841218459432,2431.299072265625,2474.072216796875,175.17272338867187,127.73199768066407,261.00599975585936,2433.128544921875,2379.3175,174.1130841064453,133.05000061035156,257.64080078125
2023-10-11,2525.521484375,2535.96484375,178.25802612304688,131.8300018310547,262.989990234375,0.007933361362510327,0.010097167514726113,0.007904005839161732,0.01814956889912689,-0.002389822071472425,2431.299072265625,2474.072216796875,176.39019165039062,128.697998046875,261.3719970703125,2433.128544921875,2379.3175,173.98975158691405,132.9088006591797,258.0836004638672
2023-10-12,2605.0341796875,2621.102783203125,179.1602325439453,132.3300018310547,258.8699951171875,0.03148367408649366,0.03357220809387451,0.0050612387027986205,0.0037927633547389927,-0.015665976919941982,2431.299072265625,2474.072216796875,177.5402404785156,129.9719985961914,261.13599853515626,2433.128544921875,2379.3175,174.1146710205078,132.68800048828126,258.3788000488281
2023-10-13,2554.3447265625,2570.880859375,177.31619262695312,129.7899932861328,251.1199951171875,-0.019458267964484355,-0.01916060833247879,-0.010292685440335458,-0.019194502454286222,-0.02993780718577166,2431.299072265625,2474.072216796875,177.80990905761718,130.33799743652344,259.2539978027344,2433.128544921875,2379.3175,174.14124267578126,132.350400390625,258.4835998535156
2023-10-16,2506.63720703125,2544.57421875,177.1873016357422,132.5500030517578,253.9199981689453,-0.018677009032939784,-0.010232539765143156,-0.0007268991585112072,0.021265196921155027,0.01115006015531006,2539.436181640625,2556.627490234375,177.75637512207032,131.1959991455078,258.10399475097654,2433.128544921875,2379.3175,174.11586242675781,131.9284002685547,257.6972003173828
2023-10-17,2545.399658203125,2564.662841796875,175.63075256347656,131.47000122070312,254.8500061035156,0.01546392555857068,0.007894689374296826,-0.00878476650355875,-0.008147882355257097,0.0036626021631880334,2547.387451171875,2567.437109375,177.5105010986328,131.59400024414063,256.34999694824216,2433.128544921875,2379.3175,174.1495703125,131.53800048828126,257.19200012207034
2023-10-18,2538.442138671875,2553.18359375,174.33197021484375,128.1300048828125,242.67999267578125,-0.002733370183667594,-0.004475928710704236,-0.007394959764597031,-0.025405007278304192,-0.04775363208267336,2549.97158203125,2570.880859375,176.72528991699218,130.8540008544922,252.28799743652343,2433.128544921875,2379.3175,174.21421020507813,130.86920043945312,256.0472003173828
2023-10-19,2512.6005859375,2530.224853515625,173.9552764892578,128.39999389648438,220.1100006103516,-0.010180083422305364,-0.008992201066376992,-0.0021607839636167414,0.002107149015711185,-0.09300310180733773,2531.48486328125,2552.7052734375,175.68429870605468,130.06799926757813,244.53599853515624,2433.128544921875,2379.3175,174.20310729980469,130.21640014648438,253.81
2023-10-20,2495.704345703125,2503.440185546875,171.3973846435547,125.16999816894533,211.9900054931641,-0.006724602520965628,-0.010585884464589745,-0.01470430732154926,-0.025155731161039308,-0.036890623300491754,2519.756787109375,2539.217138671875,174.500537109375,129.1440002441406,236.71000061035156,2433.128544921875,2379.3175,174.11863830566406,129.60760009765625,251.31399963378905
2023-10-23,2472.84423828125,2496.74365234375,171.516357421875,126.55999755859376,212.0800018310547,-0.009159781871291517,-0.0026749323757707666,0.0006941341524417943,0.011104892625885654,0.0004245310418349302,2512.998193359375,2529.651025390625,173.36634826660156,127.94599914550781,228.34200134277344,2433.128544921875,2379.3175,173.92154357910155,129.07080017089845,249.18599975585937
2023-10-24,2496.697998046875,2484.786376953125,171.95257568359375,128.55999755859375,216.5200042724609,0.009646284790749471,-0.00478914820886811,0.002543304138892033,0.015802781594350446,0.020935507370200668,2503.257861328125,2513.675732421875,172.630712890625,127.36399841308594,220.6760009765625,2433.128544921875,2379.3175,173.6982745361328,128.7079998779297,247.1867999267578
2023-10-25,2504.6494140625,2525.442138671875,169.6326446533203,121.38999938964844,212.4199981689453,0.003184772856727358,0.016361874041100677,-0.013491691072672785,-0.055771610960691276,-0.018935922882932776,2496.49931640625,2508.12744140625,171.69084777832032,126.01599731445313,214.6240020751953,2433.128544921875,2379.3175,173.52418151855468,128.15200012207032,245.18
2023-10-26,2434.081787109375,2481.91650390625,165.458740234375,119.56999969482422,205.75999450683597,-0.028174652530976618,-0.017234857254941893,-0.024605549406339522,-0.01499299533713827,-0.031352997455599274,2480.795556640625,2498.465771484375,169.99154052734374,124.2499984741211,211.75400085449218,2433.128544921875,2379.3175,173.24499694824217,127.76160003662109,243.18239990234375
2023-10-27,2409.234130859375,2524.007080078125,166.77732849121094,127.73999786376952,207.3000030517578,-0.010208225697916351,0.016958900956429934,0.007969287418531978,0.0683281608245998,0.007484489628865498,2463.501513671875,2502.579150390625,169.067529296875,124.76399841308594,210.81600036621094,2433.128544921875,2379.3175,172.9844500732422,127.70640014648437,241.67919982910155
2023-10-30,2429.1123046875,2462.30615234375,168.82957458496094,132.7100067138672,197.3600006103516,0.008250826921929022,-0.0244456238737909,0.012305306196688237,0.03890722509168998,-0.04794984223383947,2454.755126953125,2495.691650390625,168.5301727294922,125.99400024414062,207.87200012207032,2433.128544921875,2379.3175,172.75483520507814,127.76400024414062,239.69399963378908
2023-10-31,2469.86279296875,2477.611572265625,169.30548095703125,133.08999633789062,200.83999633789065,0.0167758766042283,0.006215888266902336,0.0028188566679756555,0.002863308000901066,0.017632730628176496,2449.3880859375,2494.256689453125,168.0007537841797,126.9,204.73599853515628,2433.128544921875,2379.3175,172.70764343261717,128.0483999633789,237.96279968261717
2023-11-01,2543.411865234375,2594.317626953125,172.47802734375,137.0,205.66000366210935,0.02977860651814579,0.04710425798535467,0.018738592328997994,0.02937864429857373,0.023999240251476373,2457.140576171875,2508.031787109375,168.56983032226563,130.02200012207032,203.38399963378907,2433.128544921875,2379.3175,172.84802917480468,128.48919982910155,236.56919982910156
2023-11-02,2554.3447265625,2640.235107421875,176.04714965820312,138.07000732421875,218.50999450683597,0.004298502133124771,0.017699251622738776,0.020693199994338052,0.007810272439553012,0.062481720392452145,2481.1931640625,2539.6955078125,170.68751220703126,133.7220016479492,205.93399963378906,2433.128544921875,2379.3175,173.12086853027344,128.97279998779297,235.4543994140625
2023-11-03,2554.3447265625,2640.235107421875,175.13502502441406,138.60000610351562,219.9600067138672,0.004298502133124771,0.017699251622738776,0.020693199994338052,0.007810272439553012,0.062481720392452145,2481.1931640625,2539.6955078125,172.3590515136719,135.89400329589844,208.46600036621095,2433.128544921875,2379.3175,173.3366015625,129.43200012207032,234.24399963378906
2023-11-06,2601.05859375,2722.5029296875,177.69290161132812,139.74000549316406,219.2700042724609,0.004298502133124771,0.017699251622738776,0.020693199994338052,0.007810272439553012,0.062481720392452145,2481.1931640625,2539.6955078125,174.1317169189453,137.3000030517578,212.8480010986328,2433.128544921875,2379.3175,173.55392150878907,129.8432000732422,232.95079956054687
2023-11-07,2614.973388671875,2709.110595703125,180.2606964111328,142.7100067138672,222.17999267578125,0.005349666076462256,-0.004919125646602018,0.014450744945463834,0.02125376487729147,0.013271256198382986,2481.1931640625,2539.6955078125,176.32276000976563,139.22400512695313,217.11600036621093,2433.128544921875,2379.3175,173.927490234375,130.56280029296875,231.97679931640624
2023-11-08,2652.74169921875,2637.364990234375,181.321533203125,142.0800018310547,222.1100006103516,0.014443095562841402,-0.02648308473730987,0.005885014388120835,-0.004414580990635519,-0.0003150241594066516,2481.1931640625,2539.6955078125,178.09146118164062,140.24000549316406,220.40599975585937,2433.128544921875,2379.3175,174.29352416992188,131.16600036621094,230.41479919433593
2023-11-09,2631.86962890625,2695.23974609375,180.8456268310547,140.60000610351562,209.97999572753903,-0.00786811257147535,0.021944158686292292,-0.002624654466919729,-0.010416636461610618,-0.05461260118625755,2481.1931640625,2539.6955078125,179.05115661621093,140.74600524902343,218.7,2433.128544921875,2379.3175,174.59094970703126,131.75160064697266,228.41199951171876
2023-11-10,2578.19873046875,2681.368896484375,185.0448760986328,143.55999755859375,214.6499938964844,-0.0203926888505509,-0.005146425148070066,0.02322007637763357,0.021052569890351647,0.022240205086035747,2615.768408203125,2689.117431640625,181.0331268310547,141.73800354003907,217.63799743652345,2433.128544921875,2379.3175,174.95403076171874,132.3756005859375,226.57679931640624
2023-11-13,2515.58251953125,2694.76123046875,183.4565277099609,142.58999633789062,223.7100067138672,-0.024286805434162728,0.004994588399206856,-0.008583584815530232,-0.006756765374750118,0.04220830689495392,2598.673193359375,2683.569091796875,182.18585205078125,142.30800170898436,218.5259979248047,2433.128544921875,2379.3175,175.19409301757813,132.94880065917968,225.13839904785155
2023-11-14,2502.66162109375,2720.111572265625,186.07733154296875,145.8000030517578,237.41000366210935,-0.005136344499606316,0.009407268261932611,0.014285694086346501,0.02251214528584833,0.06123998273248876,2576.21083984375,2685.769287109375,183.34917907714845,142.9260009765625,221.5720001220703,2433.128544921875,2379.3175,175.5627813720703,133.60160095214843,224.08999938964843
2023-11-15,2627.89404296875,2735.8955078125,186.64317321777344,143.1999969482422,242.83999633789065,0.050039694067897544,0.005802679459110616,0.0030408952563576452,-0.017832688951265996,0.02287179390936478,2571.24130859375,2705.475390625,184.41350708007812,143.15,225.71799926757814,2433.128544921875,2379.3175,175.89818725585937,134.05640075683593,223.28399963378905
2023-11-16,2624.912353515625,2754.071044921875,188.33084106445312,142.8300018310547,233.58999633789065,-0.0011346307744419803,0.00664335938908267,0.009042215783111152,-0.0025837648398919777,-0.038090924639652135,2569.849853515625,2717.241650390625,185.91054992675782,143.59599914550782,230.43999938964845,2433.128544921875,2379.3175,176.2650115966797,134.47640075683594,222.27279968261718
2023-11-17,2601.05859375,2766.985107421875,188.3109893798828,145.17999267578125,234.3000030517578,-0.009087449999493069,0.004689081105518911,-0.00010540856961138712,0.016453061783939793,0.0030395424675639937,2574.421826171875,2734.364892578125,186.56377258300782,143.9199981689453,234.37000122070313,2433.128544921875,2379.3175,176.70480346679688,135.09200073242187,221.6
2023-11-20,2570.247314453125,2659.366943359375,190.05816650390625,146.1300048828125,235.6000061035156,-0.01184566905601836,-0.03889365496541208,0.009278147439918172,0.0065436854591447435,0.005548455120893081,2585.35478515625,2727.28603515625,187.88410034179688,144.62799987792968,236.7480010986328,2433.128544921875,2379.3175,177.21963806152343,135.63520080566406,220.8672003173828
2023-11-21,2563.2900390625,2616.31982421875,189.2540740966797,143.89999389648438,241.1999969482422,-0.0027068505631744344,-0.016186979855531636,-0.0042307700953752025,-0.015260459261028925,0.02376906069461704,2597.48046875,2706.527685546875,188.51944885253906,144.247998046875,237.50599975585936,2433.128544921875,2379.3175,177.76457092285156,136.1324005126953,220.32119995117188
2023-11-22,2587.143798828125,2610.101806640625,189.919189453125,146.7100067138672,234.2100067138672,0.009305915211354376,-0.002376627475190962,0.003514404430234652,0.019527539517508297,-0.028980059381488954,2589.330419921875,2681.3689453125,189.17465209960938,144.95,235.78000183105468,2433.128544921875,2379.3175,178.38805969238283,136.8756005859375,219.9824005126953
2023-11-24,2554.3447265625,2681.368896484375,188.5889587402344,146.74000549316406,235.4499969482422,-0.012677715201018902,0.027304333364481126,-0.007004193292531546,0.0002044767086364363,0.00529435207219775,2575.21689453125,2666.828515625,189.2262756347656,145.73200073242188,236.152001953125,2433.128544921875,2379.3175,178.97340698242186,137.60920104980468,220.59600036621094
2023-11-27,2546.3935546875,2649.80078125,188.4102478027344,147.72999572753906,236.0800018310547,-0.0031128029792988343,-0.011773133967416749,-0.0009476214232995162,0.006746559883569869,0.0026757481035388775,2564.28388671875,2643.391650390625,189.24612731933593,146.24200134277345,236.50800170898438,2433.128544921875,2379.3175,179.65392150878907,138.51160095214843,221.55960021972658
2023-11-28,2549.375244140625,2635.451904296875,189.01580810546875,147.02999877929688,246.72000122070312,0.0011709460415638695,-0.005415077637027532,0.0032140518352714587,-0.00473835354015173,0.04506946504203557,2560.10947265625,2638.608642578125,189.03765563964845,146.4220001220703,238.73200073242188,2433.128544921875,2379.3175,180.35389953613281,139.33040100097656,222.9452001953125
2023-11-29,2531.48486328125,2680.890869140625,187.9933013916016,146.32000732421875,244.13999938964844,-0.007017554948214655,0.01724143201766104,-0.00540963596704358,-0.0048288883967405605,-0.010457205813430348,2553.7484375,2651.5228515625,188.78550109863284,146.9060028076172,239.32000122070312,2433.128544921875,2379.3175,180.99552856445314,140.04080139160158,224.05
2023-11-30,2548.38134765625,2673.23779296875,188.56907653808597,146.08999633789062,240.0800018310547,0.006674535020959604,-0.002854676503235787,0.003062742886168035,-0.001571972217158657,-0.016629792613843564,2545.995947265625,2664.150048828125,188.51547851562503,146.78200073242186,240.49400024414064,2433.128544921875,2379.3175,181.75298583984375,141.02880126953124,225.15640014648437
2023-12-01,2528.503173828125,2710.067138671875,189.8497009277344,147.02999877929688,238.8300018310547,-0.00780031365651257,0.013777055599017318,0.006791274652022672,0.006434406632690459,-0.005206597761023168,2540.82763671875,2669.889697265625,188.76762695312502,146.83999938964843,241.1700012207031,2433.128544921875,2379.3175,182.7286242675781,142.12720123291015,226.47920043945314
2023-12-04,2494.71044921875,2647.409423828125,188.0528564453125,144.83999633789062,235.5800018310547,-0.013364715124408288,-0.02312035519328748,-0.009464563144641835,-0.014894936132684111,-0.01360800559009756,2530.491015625,2669.41142578125,188.69614868164064,146.26199951171876,241.07000122070312,2433.128544921875,2379.3175,183.5796453857422,142.811201171875,227.610400390625
2023-12-05,2510.61279296875,2634.016845703125,192.01385498046875,146.8800048828125,238.72000122070312,0.006374424637127785,-0.005058748376605249,0.021063219192887672,0.014084566393959497,0.013328802806870987,2522.738525390625,2669.1244140625,189.29575805664064,146.23200073242188,239.47000122070312,2433.128544921875,2379.3175,184.5070166015625,143.3780010986328,229.26480041503908
2023-12-06,2610.00390625,2704.327392578125,190.921875,144.52000427246094,239.3699951171875,0.039588387966318805,0.02669327912222652,-0.005686985351030183,-0.016067541747663228,0.002722829646282676,2538.442333984375,2673.81171875,189.8814727783203,145.87200012207032,238.51600036621093,2433.128544921875,2379.3175,185.37167236328125,143.83520141601562,230.80600036621092
2023-12-07,2567.265625,2673.23779296875,192.85769653320312,146.8800048828125,242.63999938964844,-0.01637479589500135,-0.01149624105968039,0.010139338581307777,0.016329923474831087,0.01366087788429815,2542.219189453125,2673.81171875,190.73919677734375,146.03000183105468,239.0279998779297,2433.128544921875,2379.3175,186.18685913085938,144.23040161132812,232.2852001953125
2023-12-08,2538.442138671875,2564.184814453125,194.2872009277344,147.4199981689453,243.83999633789065,-0.011227309728857882,-0.040794342651619075,0.007412223728831879,0.0036764247561378305,0.0049455858525417895,2544.206982421875,2644.63525390625,191.62669677734374,146.10800170898438,240.02999877929688,2433.128544921875,2379.3175,186.9164611816406,144.60440124511717,233.2984002685547
2023-12-11,2587.143798828125,2588.099853515625,191.7755889892578,145.88999938964844,239.7400054931641,0.01918564910907561,0.009326566060177122,-0.012927315471546685,-0.010378502226973785,-0.01681426716823431,2562.69365234375,2632.77333984375,192.37124328613282,146.31800231933593,240.86199951171875,2569.5317578125,2673.811748046875,187.58208374023437,144.8960009765625,234.08960021972655
2023-12-12,2592.113525390625,2565.14111328125,193.29449462890625,147.47999572753906,237.00999450683597,0.001920931710386986,-0.008870886570774394,0.007920224089279282,0.010898597193382598,-0.011387381846063915,2578.993798828125,2618.998193359375,192.62737121582032,146.43800048828126,240.5199981689453,2569.173955078125,2667.517275390625,188.2061474609375,145.2056005859375,234.79919982910155
2023-12-13,2604.040283203125,2557.488525390625,196.5208740234375,148.83999633789062,239.2899932861328,0.004601171089025691,-0.0029833009384954146,0.016691522439505446,0.009221593773735215,0.009619842336358042,2577.80107421875,2589.630419921875,193.7471710205078,147.3019989013672,240.50399780273438,2568.736630859375,2661.452392578125,188.8565545654297,145.45080017089845,235.4835998535156
2023-12-14,2576.2109375,2459.91455078125,196.6697540283203,147.4199981689453,251.0500030517578,-0.01068698740285734,-0.038152262909751156,0.0007575785810165492,-0.00954043404920335,0.04914543063053567,2579.59013671875,2546.965771484375,194.50958251953125,147.40999755859374,242.18599853515624,2565.675400390625,2654.354375,189.4704833984375,145.66440002441405,236.64119995117187
2023-12-15,2656.717529296875,2487.656005859375,196.1336975097656,149.97000122070312,253.5,0.03125,0.011277405985226086,-0.0027256683225297396,0.01729753821347546,0.009758999874367902,2603.24521484375,2531.660009765625,194.8788818359375,147.9199981689453,244.1179992675781,2566.66931640625,2646.051025390625,190.08200622558593,146.03919982910156,238.3820001220703
2023-12-18,2599.07080078125,2505.831787109375,194.4658966064453,154.07000732421875,252.0800018310547,-0.02169847862255858,0.00730638850676657,-0.008503387864990608,0.027338841569267247,-0.005601570686174839,2605.630615234375,2515.206396484375,195.416943359375,149.55599975585938,246.58599853515625,2567.50419921875,2639.029541015625,190.45884704589844,146.45960021972655,239.87920043945311
2023-12-19,2610.00390625,2525.92041015625,195.5082855224609,153.7899932861328,257.2200012207031,0.004206543917719907,0.008016748430687226,0.005360265908860962,-0.0018174467759756174,0.0203903496997484,2609.20869140625,2507.362255859375,195.85970153808594,150.81799926757813,250.62799987792968,2571.2810546875,2632.275908203125,190.94091735839845,146.90760009765626,241.21960021972657
2023-12-20,2614.973388671875,2529.2685546875,193.4136199951172,152.1199951171875,247.13999938964844,0.0019040134039549628,0.001325514659047844,-0.010713947604553464,-0.01085895208954335,-0.03918825045959673,2611.3953125,2501.71826171875,195.23825073242188,151.4739990234375,252.1980010986328,2575.773525390625,2624.6421875,191.23436889648437,147.16039978027345,241.60880004882813
2023-12-21,2599.07080078125,2427.389892578125,193.26466369628903,153.83999633789062,254.5,-0.00608135744689231,-0.04027989116480457,-0.0007701437925204946,0.011306871390431628,0.029780693649462897,2615.96728515625,2495.213330078125,194.55723266601564,152.75799865722655,252.88800048828125,2574.620595703125,2612.301962890625,191.499228515625,147.58599975585938,242.0752001953125
2023-12-22,2581.180419921875,2406.82275390625,192.19256591796875,153.4199981689453,252.5399932861328,-0.006883375725662222,-0.00847294401890697,-0.0055473036706030765,-0.0027300973670256745,-0.007701401626197146,2600.85986328125,2479.0466796875,193.76900634765624,153.447998046875,252.6959991455078,2572.871318359375,2598.41203125,191.65369750976564,148.009599609375,242.83320007324218
2023-12-25,2608.015869140625,2426.91162109375,192.19256591796875,153.4199981689453,252.5399932861328,-0.006883375725662222,-0.00847294401890697,-0.0055473036706030765,-0.0027300973670256745,-0.007701401626197146,2602.648876953125,2463.262646484375,193.76900634765624,153.447998046875,252.6959991455078,2573.149609375,2584.809091796875,191.65369750976564,148.009599609375,242.83320007324218
2023-12-26,2613.979248046875,2430.738037109375,191.6465606689453,153.41000366210938,256.6099853515625,-0.006883375725662222,-0.00847294401890697,-0.0055473036706030765,-0.0027300973670256745,-0.007701401626197146,2603.4439453125,2444.226171875,193.76900634765624,153.447998046875,252.6959991455078,2574.89888671875,2575.663935546875,191.65369750976564,148.009599609375,242.83320007324218
2023-12-27,2651.748046875,2470.91552734375,191.74581909179688,153.33999633789062,261.44000244140625,0.014448775313095963,0.01652892644990822,0.0005179243629789276,-0.0004563413242133496,0.018822405072142834,2610.798876953125,2432.55556640625,193.76900634765624,153.447998046875,252.6959991455078,2578.43720703125,2569.847763671875,191.65369750976564,148.009599609375,242.83320007324218
2023-12-28,2658.705322265625,2445.0869140625,192.1726837158203,153.3800048828125,253.17999267578125,0.0026236562703700894,-0.01045305393706275,0.0022262004253614798,0.0002609139551152939,-0.03159428430420175,2622.72578125,2436.094970703125,193.76900634765624,153.447998046875,252.6959991455078,2581.29966796875,2563.24716796875,191.65369750976564,148.009599609375,242.83320007324218
2023-12-29,2665.66259765625,2478.090087890625,191.1303253173828,151.94000244140625,248.47999572753903,0.0026167907110128397,0.013497750790907537,-0.005424071612482151,-0.009388462612883952,-0.018563856087400077,2639.622216796875,2450.3484375,193.76900634765624,153.447998046875,252.6959991455078,2585.7523828125,2555.116015625,191.65369750976564,148.009599609375,242.83320007324218
